,사고번호,사고일시,요일,시군구,사고내용,사망자수,중상자수,경상자수,부상신고자수,사고유형,법규위반,노면상태,기상상태,도로형태,가해운전자 차종,가해운전자 성별,가해운전자 연령,가해운전자 상해정도,피해운전자 차종,피해운전자 성별,피해운전자 연령,피해운전자 상해정도
1590,2018062400100362,2018년 6월 24일 19시,일요일,부산광역시 해운대구 재송동,경상사고,0,0,1,0,차대사람 - 횡단중,기타,포장 - 건조,맑음,단일로 - 기타,이륜,남,43세,상해없음,보행자,남,6세,경상
1591,2018062400100425,2018년 6월 24일 22시,일요일,부산광역시 사상구 모라동,경상사고,0,0,1,0,차대사람 - 횡단중,안전운전불이행,포장 - 건조,맑음,교차로 - 교차로안,승용,여,58세,상해없음,보행자,남,55세,경상
1592,2018062500100054,2018년 6월 25일 06시,월요일,부산광역시 사상구 삼락동,중상사고,0,1,0,0,차대사람 - 차도통행중,신호위반,포장 - 건조,맑음,교차로 - 교차로횡단보도내,승용,남,49세,상해없음,보행자,남,63세,중상
1593,2018062500100151,2018년 6월 25일 09시,월요일,부산광역시 서구 아미동2가,중상사고,0,1,0,0,차대사람 - 기타,안전운전불이행,포장 - 건조,맑음,기타 - 기타,자전거,기타불명,미분류,기타불명,보행자,여,55세,중상
1594,2018062500100153,2018년 6월 25일 09시,월요일,부산광역시 강서구 명지동,경상사고,0,0,1,0,차대사람 - 기타,안전운전불이행,포장 - 건조,맑음,단일로 - 기타,승합,남,55세,상해없음,보행자,여,21세,경상
1595,2018062500100179,2018년 6월 25일 10시,월요일,부산광역시 연제구 연산동,경상사고,0,0,1,0,차대사람 - 기타,안전운전불이행,포장 - 건조,맑음,단일로 - 기타,승용,남,62세,상해없음,보행자,남,30세,경상
1596,2018062500100260,2018년 6월 25일 12시,월요일,부산광역시 부산진구 양정동,중상사고,0,1,0,0,차대사람 - 기타,안전운전불이행,포장 - 건조,맑음,단일로 - 기타,특수,남,30세,상해없음,보행자,여,78세,중상
1597,2018062500100261,2018년 6월 25일 12시,월요일,부산광역시 사하구 괴정동,중상사고,0,1,0,0,차대사람 - 기타,안전운전불이행,포장 - 건조,맑음,단일로 - 기타,화물,남,49세,상해없음,보행자,여,59세,중상
1598,2018062500100301,2018년 6월 25일 13시,월요일,부산광역시 금정구 남산동,중상사고,0,1,0,0,차대사람 - 길가장자리구역통행중,안전운전불이행,포장 - 건조,맑음,단일로 - 기타,승용,남,71세,상해없음,보행자,여,58세,중상
1599,2018062500100346,2018년 6월 25일 14시,월요일,부산광역시 연제구 연산동,경상사고,0,0,1,0,차대사람 - 차도통행중,안전운전불이행,포장 - 건조,맑음,단일로 - 기타,승용,여,52세,상해없음,보행자,여,58세,경상
1600,2018062500100476,2018년 6월 25일 17시,월요일,부산광역시 사상구 학장동,중상사고,0,1,0,0,차대사람 - 횡단중,보행자보호의무위반,포장 - 건조,흐림,교차로 - 교차로부근,화물,남,29세,상해없음,보행자,여,32세,중상
1601,2018062500100569,2018년 6월 25일 19시,월요일,부산광역시 금정구 서동,중상사고,0,1,0,0,차대사람 - 횡단중,안전운전불이행,포장 - 건조,맑음,단일로 - 기타,승용,남,74세,상해없음,보행자,여,82세,중상
1602,2018062500100605,2018년 6월 25일 20시,월요일,부산광역시 해운대구 중동,중상사고,0,1,0,0,차대사람 - 횡단중,보행자보호의무위반,포장 - 건조,맑음,단일로 - 기타,승용,남,39세,상해없음,보행자,여,10세,중상
1603,2018062500100657,2018년 6월 25일 22시,월요일,부산광역시 사상구 괘법동,경상사고,0,0,1,0,차대사람 - 기타,안전운전불이행,포장 - 건조,맑음,단일로 - 기타,승용,여,62세,상해없음,보행자,여,27세,경상
1604,2018062600100178,2018년 6월 26일 09시,화요일,부산광역시 기장군 정관읍,경상사고,0,0,1,0,차대사람 - 보도통행중,중앙선침범,포장 - 건조,맑음,단일로 - 기타,승용,남,32세,상해없음,보행자,여,28세,경상
1605,2018062600100320,2018년 6월 26일 14시,화요일,부산광역시 부산진구 초읍동,중상사고,0,1,0,0,차대사람 - 보도통행중,신호위반,포장 - 건조,맑음,교차로 - 교차로안,승용,여,60세,상해없음,보행자,여,57세,중상
1606,2018062600100352,2018년 6월 26일 15시,화요일,부산광역시 부산진구 당감동,경상사고,0,0,1,0,차대사람 - 횡단중,안전운전불이행,포장 - 건조,맑음,교차로 - 교차로안,승용,남,72세,상해없음,보행자,여,62세,경상
1607,2018062600100432,2018년 6월 26일 17시,화요일,부산광역시 사하구 하단동,경상사고,0,0,1,0,차대사람 - 길가장자리구역통행중,안전운전불이행,포장 - 건조,흐림,단일로 - 기타,승용,남,48세,상해없음,보행자,여,74세,경상
1608,2018062600100465,2018년 6월 26일 18시,화요일,부산광역시 수영구 광안동,중상사고,0,1,0,0,차대사람 - 횡단중,안전운전불이행,포장 - 건조,맑음,교차로 - 교차로안,승용,여,31세,상해없음,보행자,남,46세,중상
1609,2018062600100535,2018년 6월 26일 20시,화요일,부산광역시 동래구 명장동,중상사고,0,1,0,0,차대사람 - 기타,안전운전불이행,포장 - 건조,흐림,단일로 - 기타,승용,남,59세,상해없음,보행자,남,35세,중상
1610,2018062700100073,2018년 6월 27일 07시,수요일,부산광역시 남구 대연동,경상사고,0,0,1,0,차대사람 - 기타,안전운전불이행,포장 - 젖음/습기,비,단일로 - 기타,승용,남,36세,상해없음,보행자,여,27세,경상
1611,2018062700100074,2018년 6월 27일 07시,수요일,부산광역시 해운대구 재송동,중상사고,0,1,0,0,차대사람 - 횡단중,보행자보호의무위반,포장 - 젖음/습기,비,교차로 - 교차로횡단보도내,승용,남,41세,상해없음,보행자,여,55세,중상
1612,2018062700100137,2018년 6월 27일 09시,수요일,부산광역시 부산진구 부전동,경상사고,0,0,1,0,차대사람 - 횡단중,안전운전불이행,포장 - 젖음/습기,비,단일로 - 기타,승용,남,57세,상해없음,보행자,남,65세,경상
1613,2018062700100227,2018년 6월 27일 13시,수요일,부산광역시 영도구 청학동,경상사고,0,0,1,0,차대사람 - 횡단중,보행자보호의무위반,포장 - 건조,맑음,교차로 - 교차로부근,화물,남,57세,상해없음,보행자,남,77세,경상
1614,2018062700100281,2018년 6월 27일 15시,수요일,부산광역시 부산진구 부전동,중상사고,0,1,0,0,차대사람 - 기타,안전운전불이행,포장 - 건조,맑음,단일로 - 기타,화물,남,60세,상해없음,보행자,여,59세,중상
1615,2018062700100410,2018년 6월 27일 18시,수요일,부산광역시 부산진구 당감동,경상사고,0,0,1,0,차대사람 - 기타,기타,포장 - 건조,맑음,기타 - 기타,승용,여,45세,상해없음,보행자,여,6세,경상
1616,2018062800100057,2018년 6월 28일 05시,목요일,부산광역시 부산진구 범전동,중상사고,0,1,0,0,차대사람 - 기타,안전운전불이행,포장 - 건조,맑음,단일로 - 기타,승용,남,61세,상해없음,보행자,여,74세,중상
1617,2018062800100058,2018년 6월 28일 05시,목요일,부산광역시 연제구 연산동,사망사고,1,0,0,0,차대사람 - 횡단중,과속,포장 - 젖음/습기,비,단일로 - 기타,승용,남,65세,상해없음,보행자,여,74세,사망
1618,2018062800100125,2018년 6월 28일 08시,목요일,부산광역시 사상구 주례동,경상사고,0,0,1,0,차대사람 - 기타,안전운전불이행,포장 - 젖음/습기,비,단일로 - 기타,승용,남,75세,상해없음,보행자,여,29세,경상
1619,2018062800100214,2018년 6월 28일 11시,목요일,부산광역시 영도구 동삼동,경상사고,0,0,1,0,차대사람 - 길가장자리구역통행중,안전운전불이행,포장 - 건조,맑음,단일로 - 기타,승용,여,39세,상해없음,보행자,남,58세,경상
1620,2018062800100258,2018년 6월 28일 13시,목요일,부산광역시 동구 초량동,중상사고,0,1,0,0,차대사람 - 횡단중,보행자보호의무위반,포장 - 젖음/습기,비,교차로 - 교차로안,화물,남,27세,상해없음,보행자,남,69세,중상
1621,2018062800100490,2018년 6월 28일 20시,목요일,부산광역시 북구 구포동,중상사고,0,1,0,0,차대사람 - 횡단중,안전운전불이행,포장 - 젖음/습기,비,단일로 - 고가도로위,승용,남,51세,상해없음,보행자,여,73세,중상
1622,2018062800100493,2018년 6월 28일 20시,목요일,부산광역시 사상구 엄궁동,경상사고,0,0,1,0,차대사람 - 횡단중,안전운전불이행,포장 - 젖음/습기,비,단일로 - 지하차도(도로)내,승용,남,33세,상해없음,보행자,남,54세,경상
1623,2018062800100522,2018년 6월 28일 21시,목요일,부산광역시 수영구 민락동,중상사고,0,1,0,0,차대사람 - 차도통행중,신호위반,포장 - 건조,맑음,단일로 - 기타,승용,여,49세,상해없음,보행자,남,28세,중상
1624,2018062800100523,2018년 6월 28일 21시,목요일,부산광역시 사하구 괴정동,중상사고,0,1,0,0,차대사람 - 기타,안전운전불이행,포장 - 젖음/습기,비,기타 - 기타,이륜,남,23세,상해없음,보행자,남,50세,중상
1625,2018062900100257,2018년 6월 29일 13시,금요일,부산광역시 금정구 서동,중상사고,0,1,0,0,차대사람 - 기타,안전운전불이행,포장 - 건조,흐림,단일로 - 기타,승용,여,35세,상해없음,보행자,남,61세,중상
1626,2018062900100258,2018년 6월 29일 13시,금요일,부산광역시 강서구 명지동,중상사고,0,1,0,0,차대사람 - 횡단중,안전운전불이행,포장 - 건조,맑음,단일로 - 기타,승용,남,32세,상해없음,보행자,여,20세,중상
1627,2018062900100295,2018년 6월 29일 14시,금요일,부산광역시 사상구 모라동,중상사고,0,1,0,0,차대사람 - 기타,안전운전불이행,포장 - 건조,맑음,교차로 - 교차로부근,승용,여,53세,상해없음,보행자,여,79세,중상
1628,2018062900100324,2018년 6월 29일 15시,금요일,부산광역시 동구 초량동,경상사고,0,0,2,0,차대사람 - 차도통행중,안전운전불이행,포장 - 건조,맑음,교차로 - 교차로부근,승합,남,33세,상해없음,보행자,남,43세,경상
1629,2018062900100325,2018년 6월 29일 15시,금요일,부산광역시 영도구 청학동,경상사고,0,0,1,0,차대사람 - 기타,안전운전불이행,포장 - 건조,맑음,단일로 - 기타,이륜,남,21세,상해없음,보행자,남,16세,경상
1630,2018062900100503,2018년 6월 29일 19시,금요일,부산광역시 서구 토성동5가,경상사고,0,0,1,0,차대사람 - 길가장자리구역통행중,안전운전불이행,포장 - 건조,맑음,단일로 - 기타,승용,남,74세,상해없음,보행자,남,26세,경상
1631,2018062900100535,2018년 6월 29일 20시,금요일,부산광역시 동래구 온천동,경상사고,0,0,1,0,차대사람 - 횡단중,안전운전불이행,포장 - 건조,맑음,교차로 - 교차로횡단보도내,승용,남,48세,상해없음,보행자,남,33세,경상
1632,2018062900100537,2018년 6월 29일 20시,금요일,부산광역시 연제구 연산동,경상사고,0,0,1,0,차대사람 - 횡단중,안전운전불이행,포장 - 건조,흐림,단일로 - 기타,승용,여,53세,상해없음,보행자,여,9세,경상
1633,2018062900100567,2018년 6월 29일 21시,금요일,부산광역시 중구 부평동3가,경상사고,0,0,1,0,차대사람 - 차도통행중,안전운전불이행,포장 - 젖음/습기,흐림,교차로 - 교차로부근,승용,여,56세,상해없음,보행자,남,65세,경상
1634,2018062900100568,2018년 6월 29일 21시,금요일,부산광역시 부산진구 당감동,중상사고,0,1,0,0,차대사람 - 기타,안전운전불이행,포장 - 건조,맑음,단일로 - 기타,승합,남,44세,상해없음,보행자,남,57세,중상
1635,2018063000100005,2018년 6월 30일 00시,토요일,부산광역시 부산진구 부전동,경상사고,0,0,1,0,차대사람 - 차도통행중,안전운전불이행,포장 - 건조,맑음,교차로 - 교차로안,화물,남,45세,상해없음,보행자,남,28세,경상
1636,2018063000100006,2018년 6월 30일 00시,토요일,부산광역시 부산진구 부전동,경상사고,0,0,1,0,차대사람 - 기타,안전운전불이행,포장 - 건조,맑음,단일로 - 기타,승용,남,23세,상해없음,보행자,여,26세,경상
1637,2018063000100026,2018년 6월 30일 01시,토요일,부산광역시 영도구 동삼동,중상사고,0,1,1,0,차대사람 - 횡단중,안전운전불이행,포장 - 건조,맑음,단일로 - 기타,승용,남,72세,상해없음,보행자,여,27세,중상
1638,2018063000100071,2018년 6월 30일 04시,토요일,부산광역시 부산진구 부전동,중상사고,0,1,0,0,차대사람 - 횡단중,안전운전불이행,포장 - 젖음/습기,흐림,교차로 - 교차로횡단보도내,승합,남,52세,상해없음,보행자,여,67세,중상
1639,2018063000100111,2018년 6월 30일 08시,토요일,부산광역시 남구 문현동,중상사고,0,1,0,0,차대사람 - 횡단중,안전운전불이행,포장 - 젖음/습기,비,교차로 - 교차로부근,승용,남,46세,상해없음,보행자,남,51세,중상
1640,2018063000100242,2018년 6월 30일 13시,토요일,부산광역시 북구 구포동,경상사고,0,0,1,0,차대사람 - 차도통행중,안전운전불이행,포장 - 건조,맑음,교차로 - 교차로부근,승용,여,59세,상해없음,보행자,남,76세,경상
1641,2018063000100465,2018년 6월 30일 20시,토요일,부산광역시 동래구 명륜동,중상사고,0,1,0,0,차대사람 - 횡단중,보행자보호의무위반,포장 - 젖음/습기,비,교차로 - 교차로안,승용,여,29세,상해없음,보행자,여,27세,중상
1642,2018063000100512,2018년 6월 30일 22시,토요일,부산광역시 사상구 주례동,중상사고,0,2,0,0,차대사람 - 기타,안전운전불이행,포장 - 건조,맑음,단일로 - 기타,이륜,남,23세,상해없음,보행자,남,53세,중상
1643,2018070100100124,2018년 7월 1일 10시,일요일,부산광역시 영도구 동삼동,중상사고,0,1,0,0,차대사람 - 횡단중,보행자보호의무위반,포장 - 건조,맑음,교차로 - 교차로부근,승합,남,64세,상해없음,보행자,여,79세,중상
1644,2018070100100138,2018년 7월 1일 11시,일요일,부산광역시 부산진구 부전동,경상사고,0,0,1,0,차대사람 - 길가장자리구역통행중,안전운전불이행,포장 - 건조,맑음,교차로 - 교차로안,화물,남,53세,상해없음,보행자,여,62세,경상
1645,2018070100100157,2018년 7월 1일 12시,일요일,부산광역시 부산진구 범전동,중상사고,0,1,0,0,차대사람 - 횡단중,보행자보호의무위반,포장 - 건조,맑음,교차로 - 교차로횡단보도내,승용,남,72세,상해없음,보행자,여,78세,중상
1646,2018070100100269,2018년 7월 1일 17시,일요일,부산광역시 연제구 연산동,중상사고,0,1,0,0,차대사람 - 길가장자리구역통행중,안전운전불이행,포장 - 건조,맑음,단일로 - 기타,승용,여,64세,상해없음,보행자,여,24세,중상
1647,2018070100100477,2018년 7월 1일 23시,일요일,부산광역시 연제구 연산동,중상사고,0,1,0,0,차대사람 - 기타,안전운전불이행,포장 - 건조,맑음,기타 - 기타,승용,남,29세,상해없음,보행자,남,57세,중상
1648,2018070200100022,2018년 7월 2일 01시,월요일,부산광역시 남구 대연동,중상사고,0,1,0,0,차대사람 - 기타,안전운전불이행,포장 - 젖음/습기,비,단일로 - 기타,승합,남,60세,상해없음,보행자,남,18세,중상
1649,2018070200100023,2018년 7월 2일 01시,월요일,부산광역시 사하구 다대동,부상신고사고,0,0,0,1,차대사람 - 횡단중,안전운전불이행,포장 - 젖음/습기,비,교차로 - 교차로횡단보도내,기타불명,기타불명,미분류,기타불명,보행자,여,22세,부상신고
1650,2018070200100059,2018년 7월 2일 04시,월요일,부산광역시 연제구 연산동,사망사고,1,0,0,0,차대사람 - 횡단중,과속,포장 - 젖음/습기,흐림,단일로 - 기타,승용,남,65세,상해없음,보행자,여,78세,사망
1651,2018070200100108,2018년 7월 2일 08시,월요일,부산광역시 사상구 엄궁동,중상사고,0,1,0,0,차대사람 - 보도통행중,기타,포장 - 건조,맑음,교차로 - 교차로안,승용,여,38세,상해없음,보행자,남,38세,중상
1652,2018070200100149,2018년 7월 2일 09시,월요일,부산광역시 동구 좌천동,중상사고,0,1,0,0,차대사람 - 횡단중,보행자보호의무위반,포장 - 건조,맑음,단일로 - 기타,화물,남,68세,상해없음,보행자,여,49세,중상
1653,2018070200100234,2018년 7월 2일 12시,월요일,부산광역시 사하구 신평동,중상사고,0,1,0,0,차대사람 - 기타,안전운전불이행,포장 - 건조,맑음,단일로 - 기타,자전거,여,48세,상해없음,보행자,남,80세,중상
1654,2018070200100251,2018년 7월 2일 13시,월요일,부산광역시 동래구 사직동,중상사고,0,1,0,0,차대사람 - 기타,안전운전불이행,포장 - 건조,맑음,단일로 - 기타,화물,남,59세,상해없음,보행자,남,83세,중상
1655,2018070200100354,2018년 7월 2일 16시,월요일,부산광역시 수영구 광안동,중상사고,0,1,0,0,차대사람 - 차도통행중,안전운전불이행,포장 - 건조,맑음,단일로 - 기타,화물,남,52세,상해없음,보행자,여,11세,중상
1656,2018070200100355,2018년 7월 2일 16시,월요일,부산광역시 동래구 복천동,중상사고,0,1,0,0,차대사람 - 횡단중,안전운전불이행,포장 - 건조,맑음,교차로 - 교차로횡단보도내,승용,남,62세,상해없음,보행자,여,82세,중상
1657,2018070200100356,2018년 7월 2일 16시,월요일,부산광역시 영도구 동삼동,경상사고,0,0,1,0,차대사람 - 횡단중,보행자보호의무위반,포장 - 건조,맑음,교차로 - 교차로안,화물,남,28세,상해없음,보행자,남,77세,경상
1658,2018070200100388,2018년 7월 2일 17시,월요일,부산광역시 동래구 안락동,경상사고,0,0,1,0,차대사람 - 길가장자리구역통행중,안전운전불이행,포장 - 건조,맑음,단일로 - 기타,승용,여,36세,상해없음,보행자,남,18세,경상
1659,2018070200100442,2018년 7월 2일 18시,월요일,부산광역시 금정구 구서동,중상사고,0,1,0,0,차대사람 - 횡단중,안전운전불이행,포장 - 건조,맑음,교차로 - 교차로부근,승용,남,37세,상해없음,보행자,남,15세,중상
1660,2018070300100243,2018년 7월 3일 13시,화요일,부산광역시 사하구 장림동,경상사고,0,0,1,0,차대사람 - 횡단중,신호위반,포장 - 젖음/습기,비,교차로 - 교차로횡단보도내,승용,남,65세,상해없음,보행자,남,17세,경상
1661,2018070300100380,2018년 7월 3일 17시,화요일,부산광역시 연제구 연산동,중상사고,0,1,0,0,차대사람 - 차도통행중,안전운전불이행,포장 - 젖음/습기,비,단일로 - 기타,화물,남,57세,상해없음,보행자,남,30세,중상
1662,2018070300100418,2018년 7월 3일 18시,화요일,부산광역시 동래구 명륜동,경상사고,0,0,1,0,차대사람 - 길가장자리구역통행중,안전운전불이행,포장 - 젖음/습기,비,단일로 - 기타,승용,남,21세,상해없음,보행자,여,67세,경상
1663,2018070300100450,2018년 7월 3일 19시,화요일,부산광역시 연제구 연산동,중상사고,0,1,0,0,차대사람 - 횡단중,안전운전불이행,포장 - 젖음/습기,비,교차로 - 교차로부근,승용,여,51세,상해없음,보행자,여,31세,중상
1664,2018070400100014,2018년 7월 4일 01시,수요일,부산광역시 동구 초량동,사망사고,1,0,0,0,차대사람 - 기타,안전운전불이행,포장 - 젖음/습기,흐림,단일로 - 기타,승용,남,57세,상해없음,보행자,남,50세,사망
1665,2018070400100016,2018년 7월 4일 02시,수요일,부산광역시 사하구 장림동,중상사고,0,1,0,0,차대사람 - 차도통행중,안전운전불이행,포장 - 건조,흐림,단일로 - 지하차도(도로)내,승용,남,25세,상해없음,보행자,남,59세,중상
1666,2018070400100173,2018년 7월 4일 10시,수요일,부산광역시 부산진구 부전동,경상사고,0,0,1,0,차대사람 - 기타,안전운전불이행,포장 - 건조,맑음,교차로 - 교차로부근,승용,남,68세,상해없음,보행자,여,50세,경상
1667,2018070400100308,2018년 7월 4일 15시,수요일,부산광역시 수영구 망미동,경상사고,0,0,1,0,차대사람 - 기타,안전운전불이행,포장 - 건조,맑음,단일로 - 기타,승용,남,64세,상해없음,보행자,남,11세,경상
1668,2018070400100449,2018년 7월 4일 18시,수요일,부산광역시 부산진구 범천동,중상사고,0,1,0,0,차대사람 - 기타,안전운전불이행,포장 - 건조,맑음,교차로 - 교차로부근,승용,남,36세,상해없음,보행자,남,44세,중상
1669,2018070500100027,2018년 7월 5일 03시,목요일,부산광역시 부산진구 전포동,중상사고,0,1,0,0,차대사람 - 기타,안전운전불이행,포장 - 건조,맑음,단일로 - 기타,승용,남,31세,상해없음,보행자,남,44세,중상
1670,2018070500100028,2018년 7월 5일 03시,목요일,부산광역시 부산진구 부전동,중상사고,0,1,0,0,차대사람 - 횡단중,안전운전불이행,포장 - 건조,맑음,단일로 - 기타,승용,여,23세,상해없음,보행자,여,18세,중상
1671,2018070500100168,2018년 7월 5일 10시,목요일,부산광역시 동래구 안락동,중상사고,0,1,0,0,차대사람 - 횡단중,보행자보호의무위반,포장 - 젖음/습기,흐림,교차로 - 교차로횡단보도내,승용,남,62세,상해없음,보행자,여,65세,중상
1672,2018070500100201,2018년 7월 5일 11시,목요일,부산광역시 기장군 정관읍,중상사고,0,1,0,0,차대사람 - 기타,안전운전불이행,포장 - 젖음/습기,비,교차로 - 교차로부근,승용,남,38세,상해없음,보행자,여,79세,중상
1673,2018070500100262,2018년 7월 5일 13시,목요일,부산광역시 부산진구 가야동,경상사고,0,0,1,0,차대사람 - 차도통행중,안전운전불이행,포장 - 건조,맑음,단일로 - 기타,화물,남,54세,상해없음,보행자,여,79세,경상
1674,2018070500100263,2018년 7월 5일 13시,목요일,부산광역시 동래구 사직동,경상사고,0,0,1,0,차대사람 - 기타,안전운전불이행,포장 - 젖음/습기,비,단일로 - 기타,승합,남,61세,상해없음,보행자,여,74세,경상
1675,2018070500100287,2018년 7월 5일 14시,목요일,부산광역시 북구 구포동,중상사고,0,1,0,0,차대사람 - 기타,안전운전불이행,포장 - 건조,맑음,기타 - 기타,승용,남,56세,상해없음,보행자,여,80세,중상
1676,2018070500100442,2018년 7월 5일 18시,목요일,부산광역시 금정구 회동동,경상사고,0,0,1,0,차대사람 - 길가장자리구역통행중,보행자보호의무위반,포장 - 건조,맑음,단일로 - 기타,승용,남,68세,상해없음,보행자,남,56세,경상
1677,2018070500100476,2018년 7월 5일 19시,목요일,부산광역시 부산진구 가야동,경상사고,0,0,1,0,차대사람 - 기타,안전운전불이행,포장 - 건조,맑음,단일로 - 기타,승용,남,36세,상해없음,보행자,남,48세,경상
1678,2018070500100578,2018년 7월 5일 22시,목요일,부산광역시 부산진구 가야동,중상사고,0,1,0,0,차대사람 - 차도통행중,안전운전불이행,포장 - 젖음/습기,비,단일로 - 기타,승용,남,50세,상해없음,보행자,남,66세,중상
1679,2018070600100041,2018년 7월 6일 03시,금요일,부산광역시 금정구 장전동,경상사고,0,0,1,0,차대사람 - 횡단중,교차로운행방법위반,포장 - 젖음/습기,비,교차로 - 교차로안,승용,여,37세,상해없음,보행자,여,28세,경상
1680,2018070600100051,2018년 7월 6일 04시,금요일,부산광역시 남구 용호동,중상사고,0,1,0,0,차대사람 - 기타,안전운전불이행,포장 - 젖음/습기,비,단일로 - 기타,원동기,남,55세,상해없음,보행자,여,66세,중상
1681,2018070600100183,2018년 7월 6일 11시,금요일,부산광역시 영도구 영선동2가,중상사고,0,1,0,0,차대사람 - 횡단중,안전운전불이행,포장 - 젖음/습기,비,교차로 - 교차로안,화물,남,48세,상해없음,보행자,여,58세,중상
1682,2018070600100219,2018년 7월 6일 12시,금요일,부산광역시 부산진구 부전동,경상사고,0,0,1,0,차대사람 - 기타,보행자보호의무위반,포장 - 젖음/습기,비,단일로 - 기타,승용,남,43세,상해없음,보행자,남,37세,경상
1683,2018070600100274,2018년 7월 6일 14시,금요일,부산광역시 금정구 부곡동,중상사고,0,1,0,0,차대사람 - 보도통행중,보행자보호의무위반,포장 - 젖음/습기,비,교차로 - 교차로안,화물,남,25세,상해없음,보행자,여,54세,중상
1684,2018070600100440,2018년 7월 6일 18시,금요일,부산광역시 북구 덕천동,경상사고,0,0,1,0,차대사람 - 횡단중,안전운전불이행,포장 - 건조,맑음,단일로 - 지하차도(도로)내,이륜,남,24세,상해없음,보행자,여,25세,경상
1685,2018070600100518,2018년 7월 6일 20시,금요일,부산광역시 사상구 괘법동,경상사고,0,0,1,0,차대사람 - 횡단중,보행자보호의무위반,포장 - 건조,맑음,단일로 - 기타,승용,남,54세,상해없음,보행자,여,62세,경상
1686,2018070600100519,2018년 7월 6일 20시,금요일,부산광역시 기장군 정관읍,경상사고,0,0,1,0,차대사람 - 횡단중,보행자보호의무위반,포장 - 젖음/습기,맑음,단일로 - 기타,승용,여,43세,상해없음,보행자,남,51세,경상
1687,2018070600100566,2018년 7월 6일 22시,금요일,부산광역시 동래구 명륜동,중상사고,0,1,0,0,차대사람 - 횡단중,안전운전불이행,포장 - 건조,맑음,단일로 - 기타,승용,남,51세,상해없음,보행자,남,50세,중상
1688,2018070600100594,2018년 7월 6일 23시,금요일,부산광역시 사상구 덕포동,경상사고,0,0,1,0,차대사람 - 차도통행중,안전운전불이행,포장 - 건조,맑음,단일로 - 기타,이륜,남,19세,상해없음,보행자,여,82세,경상
1689,2018070700100050,2018년 7월 7일 02시,토요일,부산광역시 사하구 하단동,경상사고,0,0,1,0,차대사람 - 차도통행중,안전운전불이행,포장 - 건조,맑음,교차로 - 교차로부근,승용,남,54세,상해없음,보행자,남,18세,경상
1690,2018070700100322,2018년 7월 7일 14시,토요일,부산광역시 동래구 명륜동,경상사고,0,0,1,0,차대사람 - 차도통행중,안전운전불이행,포장 - 건조,맑음,단일로 - 기타,승용,남,46세,상해없음,보행자,남,78세,경상
1691,2018070700100402,2018년 7월 7일 16시,토요일,부산광역시 부산진구 부전동,경상사고,0,0,1,0,차대사람 - 기타,안전운전불이행,포장 - 건조,맑음,단일로 - 기타,승용,남,30세,상해없음,보행자,남,16세,경상
1692,2018070700100523,2018년 7월 7일 19시,토요일,부산광역시 부산진구 부전동,중상사고,0,1,0,0,차대사람 - 기타,안전운전불이행,포장 - 건조,맑음,단일로 - 기타,승용,남,69세,상해없음,보행자,여,73세,중상
1693,2018070700100578,2018년 7월 7일 21시,토요일,부산광역시 북구 덕천동,부상신고사고,0,0,0,1,차대사람 - 횡단중,신호위반,포장 - 건조,맑음,단일로 - 기타,승용,남,23세,상해없음,보행자,남,72세,부상신고
1694,2018070700100605,2018년 7월 7일 22시,토요일,부산광역시 부산진구 부전동,경상사고,0,0,1,0,차대사람 - 기타,안전운전불이행,포장 - 건조,맑음,단일로 - 기타,승용,여,33세,상해없음,보행자,여,31세,경상
1695,2018070800100116,2018년 7월 8일 11시,일요일,부산광역시 연제구 연산동,중상사고,0,1,0,0,차대사람 - 기타,안전운전불이행,포장 - 건조,맑음,단일로 - 기타,승용,남,65세,상해없음,보행자,남,45세,중상
1696,2018070800100140,2018년 7월 8일 12시,일요일,부산광역시 부산진구 부전동,중상사고,0,1,0,0,차대사람 - 횡단중,안전운전불이행,포장 - 건조,맑음,교차로 - 교차로안,승용,남,51세,상해없음,보행자,여,15세,중상
1697,2018070800100260,2018년 7월 8일 16시,일요일,부산광역시 금정구 청룡동,중상사고,0,1,0,1,차대사람 - 기타,안전운전불이행,포장 - 젖음/습기,비,단일로 - 기타,승용,여,63세,부상신고,보행자,여,68세,중상
1698,2018070800100407,2018년 7월 8일 21시,일요일,부산광역시 사상구 덕포동,사망사고,1,0,0,0,차대사람 - 횡단중,안전운전불이행,포장 - 젖음/습기,흐림,단일로 - 지하차도(도로)내,승용,남,68세,상해없음,보행자,남,64세,사망
1699,2018070900100053,2018년 7월 9일 07시,월요일,부산광역시 금정구 금사동,경상사고,0,0,1,0,차대사람 - 횡단중,신호위반,포장 - 젖음/습기,비,단일로 - 기타,승합,남,63세,상해없음,보행자,남,49세,경상
1700,2018070900100081,2018년 7월 9일 08시,월요일,부산광역시 동래구 안락동,경상사고,0,0,1,0,차대사람 - 길가장자리구역통행중,안전운전불이행,포장 - 젖음/습기,비,교차로 - 교차로안,승합,남,68세,상해없음,보행자,남,61세,경상
1701,2018070900100294,2018년 7월 9일 16시,월요일,부산광역시 금정구 서동,경상사고,0,0,1,0,차대사람 - 횡단중,안전운전불이행,포장 - 건조,맑음,교차로 - 교차로안,화물,남,46세,상해없음,보행자,여,57세,경상
1702,2018070900100367,2018년 7월 9일 18시,월요일,부산광역시 동구 수정동,경상사고,0,0,1,0,차대사람 - 차도통행중,안전운전불이행,포장 - 건조,맑음,단일로 - 기타,승용,남,28세,상해없음,보행자,남,22세,경상