,사고번호,사고일시,요일,시군구,사고내용,사망자수,중상자수,경상자수,부상신고자수,사고유형,법규위반,노면상태,기상상태,도로형태,가해운전자 차종,가해운전자 성별,가해운전자 연령,가해운전자 상해정도,피해운전자 차종,피해운전자 성별,피해운전자 연령,피해운전자 상해정도
2267,2018091000100544,2018년 9월 10일 18시,월요일,부산광역시 동구 범일동,중상사고,0,1,0,0,차대사람 - 보도통행중,보행자보호의무위반,포장 - 건조,맑음,단일로 - 기타,승용,남,38세,상해없음,보행자,남,8세,중상
2268,2018091000100546,2018년 9월 10일 18시,월요일,부산광역시 기장군 기장읍,경상사고,0,0,1,0,차대사람 - 기타,안전운전불이행,포장 - 건조,맑음,단일로 - 기타,승합,남,47세,상해없음,보행자,여,78세,경상
2269,2018091000100599,2018년 9월 10일 19시,월요일,부산광역시 사상구 괘법동,경상사고,0,0,1,0,차대사람 - 길가장자리구역통행중,안전운전불이행,포장 - 건조,맑음,단일로 - 기타,승용,남,63세,상해없음,보행자,남,49세,경상
2270,2018091000100712,2018년 9월 10일 22시,월요일,부산광역시 사상구 주례동,중상사고,0,1,0,0,차대사람 - 횡단중,안전운전불이행,포장 - 건조,맑음,교차로 - 교차로부근,승용,남,29세,상해없음,보행자,남,25세,중상
2271,2018091100100004,2018년 9월 11일 00시,화요일,부산광역시 사상구 괘법동,경상사고,0,0,1,0,차대사람 - 길가장자리구역통행중,안전운전불이행,포장 - 건조,맑음,교차로 - 교차로안,승용,남,39세,상해없음,보행자,남,21세,경상
2272,2018091100100015,2018년 9월 11일 01시,화요일,부산광역시 사하구 괴정동,경상사고,0,0,1,0,차대사람 - 횡단중,안전운전불이행,포장 - 건조,기타,단일로 - 기타,이륜,남,49세,상해없음,보행자,남,63세,경상
2273,2018091100100030,2018년 9월 11일 03시,화요일,부산광역시 중구 부평동3가,사망사고,1,0,0,0,차대사람 - 횡단중,보행자보호의무위반,포장 - 건조,맑음,단일로 - 기타,화물,남,77세,상해없음,보행자,여,58세,사망
2274,2018091100100036,2018년 9월 11일 04시,화요일,부산광역시 사상구 괘법동,중상사고,0,1,0,0,차대사람 - 기타,안전운전불이행,포장 - 건조,맑음,단일로 - 기타,승용,남,61세,상해없음,보행자,남,55세,중상
2275,2018091100100242,2018년 9월 11일 12시,화요일,부산광역시 기장군 기장읍,중상사고,0,1,0,0,차대사람 - 기타,안전운전불이행,포장 - 건조,맑음,단일로 - 기타,승용,남,27세,상해없음,보행자,여,79세,중상
2276,2018091100100298,2018년 9월 11일 14시,화요일,부산광역시 동래구 안락동,경상사고,0,0,1,0,차대사람 - 길가장자리구역통행중,안전운전불이행,포장 - 건조,맑음,단일로 - 기타,승용,남,49세,상해없음,보행자,여,62세,경상
2277,2018091100100434,2018년 9월 11일 18시,화요일,부산광역시 연제구 연산동,중상사고,0,1,0,0,차대사람 - 차도통행중,안전운전불이행,포장 - 건조,맑음,단일로 - 기타,원동기,남,19세,상해없음,보행자,여,70세,중상
2278,2018091100100520,2018년 9월 11일 20시,화요일,부산광역시 부산진구 부전동,경상사고,0,0,1,0,차대사람 - 기타,안전운전불이행,포장 - 건조,맑음,단일로 - 기타,승용,남,48세,상해없음,보행자,여,21세,경상
2279,2018091100100548,2018년 9월 11일 21시,화요일,부산광역시 남구 문현동,중상사고,0,1,0,0,차대사람 - 횡단중,안전운전불이행,포장 - 건조,맑음,교차로 - 교차로안,화물,여,62세,상해없음,보행자,여,55세,중상
2280,2018091200100044,2018년 9월 12일 04시,수요일,부산광역시 부산진구 부전동,중상사고,0,1,0,0,차대사람 - 횡단중,안전운전불이행,포장 - 건조,맑음,단일로 - 기타,승용,남,60세,상해없음,보행자,남,23세,중상
2281,2018091200100120,2018년 9월 12일 08시,수요일,부산광역시 금정구 부곡동,중상사고,0,1,0,0,차대사람 - 보도통행중,보행자보호의무위반,포장 - 건조,맑음,단일로 - 기타,승용,남,64세,기타불명,보행자,여,63세,중상
2282,2018091200100175,2018년 9월 12일 09시,수요일,부산광역시 서구 남부민동,중상사고,0,1,0,0,차대사람 - 횡단중,안전운전불이행,포장 - 건조,맑음,단일로 - 기타,승합,남,56세,상해없음,보행자,여,20세,중상
2283,2018091200100256,2018년 9월 12일 11시,수요일,부산광역시 사하구 신평동,중상사고,0,1,0,0,차대사람 - 횡단중,신호위반,포장 - 건조,맑음,교차로 - 교차로횡단보도내,승용,남,67세,상해없음,보행자,여,62세,중상
2284,2018091200100458,2018년 9월 12일 16시,수요일,부산광역시 기장군 기장읍,경상사고,0,0,1,0,차대사람 - 기타,안전운전불이행,포장 - 건조,맑음,단일로 - 기타,승용,남,64세,상해없음,보행자,여,17세,경상
2285,2018091200100652,2018년 9월 12일 20시,수요일,부산광역시 사상구 학장동,경상사고,0,0,1,0,차대사람 - 횡단중,안전운전불이행,포장 - 건조,맑음,교차로 - 교차로안,승용,남,36세,상해없음,보행자,여,66세,경상
2286,2018091300100047,2018년 9월 13일 04시,목요일,부산광역시 남구 대연동,중상사고,0,1,0,0,차대사람 - 횡단중,신호위반,포장 - 건조,맑음,단일로 - 기타,승용,남,60세,상해없음,보행자,남,38세,중상
2287,2018091300100111,2018년 9월 13일 08시,목요일,부산광역시 사하구 당리동,경상사고,0,0,1,0,차대사람 - 기타,안전운전불이행,포장 - 건조,흐림,단일로 - 기타,승용,여,34세,상해없음,보행자,남,14세,경상
2288,2018091300100157,2018년 9월 13일 09시,목요일,부산광역시 사하구 괴정동,경상사고,0,0,1,0,차대사람 - 차도통행중,안전운전불이행,포장 - 건조,맑음,단일로 - 기타,승용,여,35세,상해없음,보행자,남,23세,경상
2289,2018091300100342,2018년 9월 13일 15시,목요일,부산광역시 부산진구 가야동,경상사고,0,0,1,0,차대사람 - 횡단중,보행자보호의무위반,포장 - 건조,맑음,단일로 - 기타,승용,여,61세,상해없음,보행자,여,9세,경상
2290,2018091300100528,2018년 9월 13일 19시,목요일,부산광역시 영도구 청학동,중상사고,0,1,0,0,차대사람 - 길가장자리구역통행중,안전운전불이행,포장 - 젖음/습기,비,단일로 - 기타,승용,남,29세,상해없음,보행자,여,60세,중상
2291,2018091300100531,2018년 9월 13일 19시,목요일,부산광역시 사하구 하단동,경상사고,0,0,1,0,차대사람 - 길가장자리구역통행중,안전운전불이행,포장 - 젖음/습기,비,기타 - 기타,승용,여,24세,상해없음,보행자,여,29세,경상
2292,2018091300100578,2018년 9월 13일 20시,목요일,부산광역시 남구 문현동,중상사고,0,1,0,0,차대사람 - 횡단중,교차로운행방법위반,포장 - 젖음/습기,비,교차로 - 교차로안,승용,남,56세,상해없음,보행자,여,58세,중상
2293,2018091300100580,2018년 9월 13일 20시,목요일,부산광역시 부산진구 부전동,중상사고,0,1,0,0,차대사람 - 차도통행중,안전운전불이행,포장 - 젖음/습기,비,단일로 - 기타,이륜,남,21세,상해없음,보행자,여,62세,중상
2294,2018091300100584,2018년 9월 13일 20시,목요일,부산광역시 사상구 감전동,사망사고,1,0,0,0,차대사람 - 기타,보행자보호의무위반,포장 - 젖음/습기,비,교차로 - 교차로안,승용,남,51세,상해없음,보행자,남,59세,사망
2295,2018091300100654,2018년 9월 13일 22시,목요일,부산광역시 해운대구 우동,중상사고,0,1,0,0,차대사람 - 횡단중,안전운전불이행,포장 - 건조,맑음,단일로 - 기타,승용,남,69세,상해없음,보행자,남,64세,중상
2296,2018091400100025,2018년 9월 14일 01시,금요일,부산광역시 동래구 온천동,경상사고,0,0,1,0,차대사람 - 기타,보행자보호의무위반,포장 - 건조,맑음,교차로 - 교차로횡단보도내,기타불명,기타불명,미분류,기타불명,보행자,여,23세,경상
2297,2018091400100133,2018년 9월 14일 08시,금요일,부산광역시 기장군 기장읍,경상사고,0,0,1,0,차대사람 - 기타,안전운전불이행,포장 - 젖음/습기,비,교차로 - 교차로안,승용,남,61세,상해없음,보행자,남,23세,경상
2298,2018091400100220,2018년 9월 14일 10시,금요일,부산광역시 동래구 수안동,중상사고,0,1,0,0,차대사람 - 횡단중,안전운전불이행,포장 - 젖음/습기,비,교차로 - 교차로안,승용,여,58세,상해없음,보행자,여,72세,중상
2299,2018091400100278,2018년 9월 14일 12시,금요일,부산광역시 영도구 동삼동,경상사고,0,0,1,0,차대사람 - 보도통행중,안전운전불이행,포장 - 건조,맑음,단일로 - 기타,승용,남,25세,상해없음,보행자,여,56세,경상
2300,2018091400100344,2018년 9월 14일 14시,금요일,부산광역시 금정구 구서동,중상사고,0,1,0,0,차대사람 - 횡단중,보행자보호의무위반,포장 - 젖음/습기,비,교차로 - 교차로부근,화물,남,61세,상해없음,보행자,여,70세,중상
2301,2018091400100412,2018년 9월 14일 16시,금요일,부산광역시 수영구 망미동,경상사고,0,0,1,0,차대사람 - 기타,안전운전불이행,포장 - 젖음/습기,비,단일로 - 기타,승합,남,47세,상해없음,보행자,남,12세,경상
2302,2018091400100458,2018년 9월 14일 17시,금요일,부산광역시 부산진구 양정동,부상신고사고,0,0,0,1,차대사람 - 횡단중,안전운전불이행,포장 - 건조,흐림,단일로 - 기타,승용,남,32세,기타불명,보행자,여,16세,부상신고
2303,2018091400100542,2018년 9월 14일 19시,금요일,부산광역시 중구 중앙동3가,경상사고,0,0,1,0,차대사람 - 횡단중,보행자보호의무위반,포장 - 건조,흐림,단일로 - 기타,승용,남,67세,상해없음,보행자,남,41세,경상
2304,2018091400100735,2018년 9월 14일 23시,금요일,부산광역시 동래구 명륜동,경상사고,0,0,2,0,차대사람 - 기타,안전운전불이행,포장 - 건조,흐림,교차로 - 교차로안,승용,남,29세,상해없음,보행자,여,24세,경상
2305,2018091500100059,2018년 9월 15일 03시,토요일,부산광역시 연제구 거제동,경상사고,0,0,1,0,차대사람 - 횡단중,안전운전불이행,포장 - 건조,맑음,교차로 - 교차로부근,승용,남,63세,상해없음,보행자,남,29세,경상
2306,2018091500100072,2018년 9월 15일 04시,토요일,부산광역시 동래구 명륜동,경상사고,0,0,1,0,차대사람 - 횡단중,안전운전불이행,포장 - 젖음/습기,비,단일로 - 기타,승용,남,54세,상해없음,보행자,남,43세,경상
2307,2018091500100083,2018년 9월 15일 05시,토요일,부산광역시 금정구 남산동,중상사고,0,1,0,0,차대사람 - 횡단중,신호위반,포장 - 젖음/습기,비,단일로 - 기타,승용,여,51세,상해없음,보행자,여,59세,중상
2308,2018091500100097,2018년 9월 15일 06시,토요일,부산광역시 중구 부평동4가,중상사고,0,1,0,0,차대사람 - 횡단중,안전운전불이행,포장 - 젖음/습기,비,단일로 - 기타,승용,남,33세,상해없음,보행자,여,78세,중상
2309,2018091500100098,2018년 9월 15일 06시,토요일,부산광역시 동래구 안락동,중상사고,0,1,0,0,차대사람 - 횡단중,보행자보호의무위반,포장 - 젖음/습기,비,교차로 - 교차로횡단보도내,승용,남,69세,상해없음,보행자,남,75세,중상
2310,2018091500100158,2018년 9월 15일 09시,토요일,부산광역시 사하구 괴정동,중상사고,0,1,0,0,차대사람 - 기타,안전운전불이행,포장 - 건조,맑음,기타 - 기타,승용,남,40세,상해없음,보행자,여,83세,중상
2311,2018091500100374,2018년 9월 15일 15시,토요일,부산광역시 해운대구 우동,경상사고,0,0,1,0,차대사람 - 기타,안전운전불이행,포장 - 건조,맑음,단일로 - 기타,승합,남,58세,상해없음,보행자,남,63세,경상
2312,2018091500100375,2018년 9월 15일 15시,토요일,부산광역시 부산진구 개금동,경상사고,0,0,1,0,차대사람 - 횡단중,보행자보호의무위반,포장 - 건조,맑음,단일로 - 기타,승합,남,56세,상해없음,보행자,여,5세,경상
2313,2018091500100411,2018년 9월 15일 16시,토요일,부산광역시 부산진구 당감동,경상사고,0,0,1,0,차대사람 - 기타,안전운전불이행,포장 - 건조,맑음,단일로 - 기타,승용,남,40세,상해없음,보행자,남,60세,경상
2314,2018091500100557,2018년 9월 15일 20시,토요일,부산광역시 해운대구 좌동,경상사고,0,0,1,0,차대사람 - 횡단중,신호위반,포장 - 건조,맑음,교차로 - 교차로횡단보도내,승용,남,61세,상해없음,보행자,여,50세,경상
2315,2018091500100588,2018년 9월 15일 21시,토요일,부산광역시 동래구 온천동,경상사고,0,0,1,0,차대사람 - 횡단중,신호위반,포장 - 건조,맑음,교차로 - 교차로안,승용,남,63세,상해없음,보행자,여,19세,경상
2316,2018091500100589,2018년 9월 15일 21시,토요일,부산광역시 부산진구 부전동,경상사고,0,0,1,0,차대사람 - 차도통행중,신호위반,포장 - 젖음/습기,흐림,단일로 - 기타,승용,남,20세,상해없음,보행자,남,25세,경상
2317,2018091500100642,2018년 9월 15일 23시,토요일,부산광역시 부산진구 부전동,경상사고,0,0,1,0,차대사람 - 차도통행중,안전운전불이행,포장 - 건조,맑음,단일로 - 기타,승용,남,19세,상해없음,보행자,여,24세,경상
2318,2018091600100007,2018년 9월 16일 00시,일요일,부산광역시 부산진구 부전동,경상사고,0,0,1,0,차대사람 - 기타,안전운전불이행,포장 - 건조,맑음,단일로 - 기타,승용,남,23세,상해없음,보행자,남,32세,경상
2319,2018091600100204,2018년 9월 16일 12시,일요일,부산광역시 강서구 명지동,경상사고,0,0,1,0,차대사람 - 기타,안전운전불이행,포장 - 건조,맑음,단일로 - 기타,승용,남,43세,상해없음,보행자,남,2세,경상
2320,2018091600100430,2018년 9월 16일 19시,일요일,부산광역시 동래구 낙민동,중상사고,0,1,0,0,차대사람 - 횡단중,안전운전불이행,포장 - 건조,맑음,단일로 - 기타,승용,남,22세,상해없음,보행자,여,67세,중상
2321,2018091600100431,2018년 9월 16일 19시,일요일,부산광역시 강서구 천성동,중상사고,0,1,0,0,차대사람 - 기타,안전운전불이행,포장 - 건조,맑음,기타 - 기타,승용,여,37세,상해없음,보행자,여,47세,중상
2322,2018091700100154,2018년 9월 17일 09시,월요일,부산광역시 사상구 엄궁동,경상사고,0,0,1,0,차대사람 - 기타,안전운전불이행,포장 - 건조,맑음,단일로 - 기타,승용,남,63세,상해없음,보행자,여,67세,경상
2323,2018091700100189,2018년 9월 17일 10시,월요일,부산광역시 부산진구 부전동,중상사고,0,1,0,0,차대사람 - 기타,안전운전불이행,포장 - 건조,맑음,단일로 - 기타,승용,남,40세,상해없음,보행자,여,82세,중상
2324,2018091700100216,2018년 9월 17일 11시,월요일,부산광역시 수영구 망미동,중상사고,0,1,0,0,차대사람 - 횡단중,안전운전불이행,포장 - 건조,맑음,교차로 - 교차로부근,승용,여,37세,상해없음,보행자,여,75세,중상
2325,2018091700100268,2018년 9월 17일 13시,월요일,부산광역시 동래구 안락동,중상사고,0,1,0,0,차대사람 - 횡단중,안전운전불이행,포장 - 건조,맑음,교차로 - 교차로안,화물,남,47세,상해없음,보행자,남,75세,중상
2326,2018091700100525,2018년 9월 17일 19시,월요일,부산광역시 기장군 기장읍,경상사고,0,0,2,0,차대사람 - 횡단중,보행자보호의무위반,포장 - 건조,맑음,교차로 - 교차로횡단보도내,승용,여,52세,상해없음,보행자,여,76세,경상
2327,2018091700100604,2018년 9월 17일 21시,월요일,부산광역시 동구 범일동,중상사고,0,1,0,0,차대사람 - 차도통행중,안전운전불이행,포장 - 건조,흐림,단일로 - 기타,승용,남,50세,상해없음,보행자,남,48세,중상
2328,2018091700100639,2018년 9월 17일 22시,월요일,부산광역시 동구 범일동,경상사고,0,0,1,0,차대사람 - 기타,안전운전불이행,포장 - 건조,기타,단일로 - 기타,승용,남,62세,상해없음,보행자,남,48세,경상
2329,2018091800100117,2018년 9월 18일 08시,화요일,부산광역시 영도구 영선동4가,경상사고,0,0,1,0,차대사람 - 횡단중,안전운전불이행,포장 - 건조,맑음,단일로 - 기타,승용,남,54세,상해없음,보행자,여,8세,경상
2330,2018091800100209,2018년 9월 18일 10시,화요일,부산광역시 수영구 광안동,중상사고,0,1,0,0,차대사람 - 기타,신호위반,포장 - 건조,맑음,단일로 - 기타,이륜,남,25세,상해없음,보행자,여,59세,중상
2331,2018091800100210,2018년 9월 18일 10시,화요일,부산광역시 부산진구 부전동,경상사고,0,0,1,0,차대사람 - 길가장자리구역통행중,안전운전불이행,포장 - 건조,맑음,단일로 - 기타,승용,여,64세,상해없음,보행자,남,71세,경상
2332,2018091800100211,2018년 9월 18일 10시,화요일,부산광역시 사상구 학장동,중상사고,0,1,0,0,차대사람 - 길가장자리구역통행중,안전운전불이행,포장 - 건조,맑음,단일로 - 기타,승용,여,48세,상해없음,보행자,여,76세,중상
2333,2018091800100251,2018년 9월 18일 11시,화요일,부산광역시 수영구 광안동,경상사고,0,0,1,0,차대사람 - 기타,기타,포장 - 건조,맑음,단일로 - 기타,화물,남,48세,상해없음,보행자,여,56세,경상
2334,2018091800100252,2018년 9월 18일 11시,화요일,부산광역시 북구 금곡동,경상사고,0,0,1,0,차대사람 - 횡단중,안전운전불이행,포장 - 건조,맑음,단일로 - 기타,화물,남,79세,상해없음,보행자,여,65세,경상
2335,2018091800100253,2018년 9월 18일 11시,화요일,부산광역시 사상구 괘법동,경상사고,0,0,1,0,차대사람 - 횡단중,안전운전불이행,포장 - 건조,맑음,교차로 - 교차로안,승용,여,55세,상해없음,보행자,여,60세,경상
2336,2018091800100281,2018년 9월 18일 12시,화요일,부산광역시 해운대구 반송동,경상사고,0,0,1,0,차대사람 - 기타,안전운전불이행,포장 - 건조,맑음,기타 - 기타,기타불명,기타불명,미분류,기타불명,보행자,여,62세,경상
2337,2018091800100345,2018년 9월 18일 14시,화요일,부산광역시 강서구 명지동,사망사고,1,0,0,0,차대사람 - 차도통행중,안전운전불이행,포장 - 건조,맑음,단일로 - 기타,승용,남,28세,상해없음,보행자,남,78세,사망
2338,2018091800100379,2018년 9월 18일 15시,화요일,부산광역시 수영구 남천동,경상사고,0,0,1,0,차대사람 - 기타,안전운전불이행,포장 - 건조,맑음,기타 - 기타,자전거,여,50세,상해없음,보행자,남,5세,경상
2339,2018091800100380,2018년 9월 18일 15시,화요일,부산광역시 금정구 서동,중상사고,0,1,0,0,차대사람 - 횡단중,보행자보호의무위반,포장 - 건조,맑음,단일로 - 기타,승용,남,70세,상해없음,보행자,여,54세,중상
2340,2018091800100425,2018년 9월 18일 16시,화요일,부산광역시 수영구 광안동,경상사고,0,0,1,0,차대사람 - 기타,안전운전불이행,포장 - 건조,맑음,교차로 - 교차로안,승용,여,42세,상해없음,보행자,여,90세 이상,경상
2341,2018091800100477,2018년 9월 18일 17시,화요일,부산광역시 수영구 망미동,중상사고,0,1,0,0,차대사람 - 기타,안전운전불이행,포장 - 건조,맑음,단일로 - 기타,승용,남,60세,상해없음,보행자,여,50세,중상
2342,2018091800100519,2018년 9월 18일 18시,화요일,부산광역시 금정구 금사동,경상사고,0,0,1,0,차대사람 - 차도통행중,안전운전불이행,포장 - 건조,맑음,단일로 - 기타,이륜,남,30세,상해없음,보행자,남,18세,경상
2343,2018091800100564,2018년 9월 18일 19시,화요일,부산광역시 연제구 연산동,중상사고,0,1,0,0,차대사람 - 기타,안전운전불이행,포장 - 건조,맑음,단일로 - 기타,승용,여,34세,상해없음,보행자,여,62세,중상
2344,2018091800100603,2018년 9월 18일 20시,화요일,부산광역시 동래구 온천동,경상사고,0,0,1,0,차대사람 - 기타,안전운전불이행,포장 - 건조,맑음,단일로 - 기타,승용,남,64세,상해없음,보행자,여,18세,경상
2345,2018091900100060,2018년 9월 19일 06시,수요일,부산광역시 부산진구 부전동,중상사고,0,1,0,0,차대사람 - 기타,안전운전불이행,포장 - 건조,맑음,단일로 - 기타,이륜,남,30세,상해없음,보행자,여,82세,중상
2346,2018091900100192,2018년 9월 19일 10시,수요일,부산광역시 동구 초량동,중상사고,0,1,0,0,차대사람 - 기타,보행자보호의무위반,포장 - 건조,맑음,교차로 - 교차로안,승용,여,52세,상해없음,보행자,여,70세,중상
2347,2018091900100254,2018년 9월 19일 12시,수요일,부산광역시 사상구 모라동,경상사고,0,0,1,0,차대사람 - 횡단중,보행자보호의무위반,포장 - 건조,맑음,교차로 - 교차로횡단보도내,화물,남,57세,상해없음,보행자,남,47세,경상
2348,2018091900100287,2018년 9월 19일 13시,수요일,부산광역시 동구 좌천동,경상사고,0,0,1,0,차대사람 - 기타,안전운전불이행,포장 - 건조,맑음,단일로 - 기타,승용,남,74세,상해없음,보행자,남,28세,경상
2349,2018091900100289,2018년 9월 19일 13시,수요일,부산광역시 부산진구 부전동,중상사고,0,1,0,0,차대사람 - 기타,안전운전불이행,포장 - 건조,맑음,단일로 - 기타,화물,남,42세,상해없음,보행자,여,51세,중상
2350,2018091900100319,2018년 9월 19일 14시,수요일,부산광역시 부산진구 양정동,중상사고,0,1,0,0,차대사람 - 보도통행중,기타,포장 - 건조,맑음,기타 - 기타,이륜,남,29세,상해없음,보행자,남,26세,중상
2351,2018091900100347,2018년 9월 19일 15시,수요일,부산광역시 수영구 망미동,부상신고사고,0,0,0,1,차대사람 - 차도통행중,안전운전불이행,포장 - 건조,맑음,단일로 - 기타,승용,여,36세,상해없음,보행자,남,15세,부상신고
2352,2018091900100421,2018년 9월 19일 17시,수요일,부산광역시 영도구 청학동,중상사고,0,1,0,0,차대사람 - 길가장자리구역통행중,안전운전불이행,포장 - 건조,맑음,단일로 - 기타,승용,여,46세,상해없음,보행자,여,82세,중상
2353,2018091900100469,2018년 9월 19일 18시,수요일,부산광역시 남구 대연동,경상사고,0,0,1,0,차대사람 - 길가장자리구역통행중,안전운전불이행,포장 - 건조,맑음,교차로 - 교차로부근,승용,여,32세,상해없음,보행자,남,19세,경상
2354,2018091900100470,2018년 9월 19일 18시,수요일,부산광역시 북구 덕천동,경상사고,0,0,1,0,차대사람 - 횡단중,안전운전불이행,포장 - 건조,맑음,교차로 - 교차로부근,승용,남,25세,상해없음,보행자,여,45세,경상
2355,2018091900100532,2018년 9월 19일 19시,수요일,부산광역시 수영구 남천동,경상사고,0,0,1,0,차대사람 - 기타,안전운전불이행,포장 - 건조,맑음,교차로 - 교차로안,화물,남,58세,상해없음,보행자,여,76세,경상
2356,2018091900100533,2018년 9월 19일 19시,수요일,부산광역시 사하구 괴정동,경상사고,0,0,1,0,차대사람 - 횡단중,보행자보호의무위반,포장 - 건조,맑음,단일로 - 기타,자전거,남,62세,상해없음,보행자,여,60세,경상
2357,2018091900100648,2018년 9월 19일 22시,수요일,부산광역시 남구 대연동,중상사고,0,1,0,0,차대사람 - 횡단중,신호위반,포장 - 젖음/습기,비,교차로 - 교차로안,승용,남,69세,상해없음,보행자,남,26세,중상
2358,2018092000100025,2018년 9월 20일 01시,목요일,부산광역시 해운대구 우동,경상사고,0,0,1,0,차대사람 - 횡단중,보행자보호의무위반,포장 - 건조,맑음,교차로 - 교차로횡단보도내,승용,남,56세,상해없음,보행자,남,26세,경상
2359,2018092000100026,2018년 9월 20일 01시,목요일,부산광역시 사하구 신평동,부상신고사고,0,0,0,1,차대사람 - 기타,안전운전불이행,포장 - 건조,맑음,단일로 - 기타,승용,남,51세,상해없음,보행자,남,58세,부상신고
2360,2018092000100053,2018년 9월 20일 04시,목요일,부산광역시 북구 화명동,중상사고,0,1,0,0,차대사람 - 횡단중,안전운전불이행,포장 - 젖음/습기,비,교차로 - 교차로횡단보도내,화물,남,59세,상해없음,보행자,여,49세,중상
2361,2018092000100060,2018년 9월 20일 05시,목요일,부산광역시 서구 부민동1가,중상사고,0,1,0,0,차대사람 - 횡단중,안전운전불이행,포장 - 젖음/습기,비,단일로 - 기타,승용,남,43세,상해없음,보행자,여,71세,중상
2362,2018092000100272,2018년 9월 20일 12시,목요일,부산광역시 북구 금곡동,중상사고,0,1,0,0,차대사람 - 횡단중,안전운전불이행,포장 - 기타,흐림,교차로 - 교차로안,승용,여,54세,상해없음,보행자,여,77세,중상
2363,2018092000100273,2018년 9월 20일 12시,목요일,부산광역시 동래구 명륜동,중상사고,0,1,0,0,차대사람 - 기타,안전운전불이행,포장 - 건조,맑음,기타 - 기타,승합,남,36세,상해없음,보행자,남,76세,중상
2364,2018092000100305,2018년 9월 20일 13시,목요일,부산광역시 남구 대연동,중상사고,0,1,0,0,차대사람 - 횡단중,안전운전불이행,포장 - 젖음/습기,비,기타 - 기타,승용,남,36세,상해없음,보행자,여,79세,중상
2365,2018092000100307,2018년 9월 20일 13시,목요일,부산광역시 금정구 장전동,경상사고,0,0,1,0,차대사람 - 기타,안전운전불이행,포장 - 젖음/습기,흐림,단일로 - 기타,승용,남,46세,상해없음,보행자,남,41세,경상
2366,2018092000100381,2018년 9월 20일 15시,목요일,부산광역시 동구 범일동,경상사고,0,0,1,0,차대사람 - 횡단중,보행자보호의무위반,포장 - 젖음/습기,흐림,단일로 - 기타,화물,남,61세,상해없음,보행자,남,40세,경상
2367,2018092000100417,2018년 9월 20일 16시,목요일,부산광역시 부산진구 부전동,경상사고,0,0,1,0,차대사람 - 보도통행중,기타,포장 - 건조,맑음,단일로 - 기타,이륜,기타불명,미분류,기타불명,보행자,남,60세,경상
2368,2018092000100461,2018년 9월 20일 17시,목요일,부산광역시 서구 부용동2가,중상사고,0,1,0,0,차대사람 - 차도통행중,안전운전불이행,포장 - 젖음/습기,흐림,단일로 - 기타,승용,남,40세,상해없음,보행자,남,60세,중상
2369,2018092000100462,2018년 9월 20일 17시,목요일,부산광역시 남구 대연동,경상사고,0,0,1,0,차대사람 - 기타,안전운전불이행,포장 - 건조,맑음,단일로 - 기타,기타불명,기타불명,미분류,기타불명,보행자,남,27세,경상
2370,2018092000100463,2018년 9월 20일 17시,목요일,부산광역시 금정구 부곡동,경상사고,0,0,1,0,차대사람 - 횡단중,안전운전불이행,포장 - 건조,맑음,단일로 - 기타,승합,남,64세,상해없음,보행자,남,31세,경상
2371,2018092000100570,2018년 9월 20일 19시,목요일,부산광역시 해운대구 우동,중상사고,0,1,0,0,차대사람 - 횡단중,안전운전불이행,포장 - 건조,맑음,단일로 - 기타,승합,남,55세,상해없음,보행자,여,67세,중상
2372,2018092000100632,2018년 9월 20일 20시,목요일,부산광역시 부산진구 당감동,중상사고,0,1,0,0,차대사람 - 횡단중,안전운전불이행,포장 - 젖음/습기,흐림,단일로 - 기타,이륜,남,33세,상해없음,보행자,여,60세,중상
2373,2018092000100633,2018년 9월 20일 20시,목요일,부산광역시 부산진구 부전동,중상사고,0,1,0,0,차대사람 - 기타,안전운전불이행,포장 - 건조,맑음,단일로 - 기타,승용,남,65세,상해없음,보행자,남,55세,중상
2374,2018092000100707,2018년 9월 20일 22시,목요일,부산광역시 동래구 사직동,경상사고,0,0,1,0,차대사람 - 차도통행중,안전운전불이행,포장 - 건조,맑음,단일로 - 지하차도(도로)내,승용,남,41세,기타불명,보행자,여,17세,경상
2375,2018092000100740,2018년 9월 20일 23시,목요일,부산광역시 사상구 감전동,사망사고,1,0,0,0,차대사람 - 보도통행중,기타,포장 - 건조,맑음,단일로 - 지하차도(도로)내,승용,남,38세,상해없음,보행자,남,54세,사망
2376,2018092100100004,2018년 9월 21일 00시,금요일,부산광역시 부산진구 부전동,경상사고,0,0,1,0,차대사람 - 기타,안전운전불이행,포장 - 건조,맑음,교차로 - 교차로안,승용,남,40세,상해없음,보행자,남,57세,경상
2377,2018092100100079,2018년 9월 21일 05시,금요일,부산광역시 서구 암남동,경상사고,0,0,1,0,차대사람 - 보도통행중,안전운전불이행,포장 - 건조,맑음,단일로 - 기타,자전거,남,29세,경상,보행자,남,73세,상해없음
2378,2018092100100080,2018년 9월 21일 05시,금요일,부산광역시 부산진구 가야동,중상사고,0,1,0,0,차대사람 - 기타,안전운전불이행,포장 - 건조,맑음,단일로 - 기타,이륜,남,43세,상해없음,보행자,남,74세,중상
2379,2018092100100277,2018년 9월 21일 11시,금요일,부산광역시 북구 덕천동,경상사고,0,0,1,0,차대사람 - 기타,안전운전불이행,포장 - 건조,맑음,단일로 - 기타,승용,남,64세,상해없음,보행자,여,34세,경상