,사고번호,사고일시,요일,시군구,사고내용,사망자수,중상자수,경상자수,부상신고자수,사고유형,법규위반,노면상태,기상상태,도로형태,가해운전자 차종,가해운전자 성별,가해운전자 연령,가해운전자 상해정도,피해운전자 차종,피해운전자 성별,피해운전자 연령,피해운전자 상해정도
4972,2019062600100263,2019년 6월 26일 12시,수요일,부산광역시 동래구 안락동,경상사고,0,0,1,0,차대사람 - 횡단중,안전운전불이행,포장 - 젖음/습기,비,교차로 - 교차로부근,승용,남,69세,상해없음,보행자,여,62세,경상
4973,2019062600100372,2019년 6월 26일 15시,수요일,부산광역시 사하구 괴정동,경상사고,0,0,1,0,차대사람 - 기타,안전운전불이행,포장 - 젖음/습기,비,교차로 - 교차로부근,화물,남,24세,상해없음,보행자,여,58세,경상
4974,2019062600100415,2019년 6월 26일 16시,수요일,부산광역시 부산진구 부암동,경상사고,0,0,1,0,차대사람 - 기타,안전운전불이행,포장 - 건조,맑음,단일로 - 기타,승합,남,55세,상해없음,보행자,여,15세,경상
4975,2019062600100474,2019년 6월 26일 17시,수요일,부산광역시 사상구 덕포동,중상사고,0,1,0,0,차대사람 - 기타,안전운전불이행,포장 - 젖음/습기,비,단일로 - 기타,승합,남,53세,기타불명,보행자,남,15세,중상
4976,2019062600100518,2019년 6월 26일 18시,수요일,부산광역시 영도구 동삼동,중상사고,0,1,0,0,차대사람 - 횡단중,안전운전불이행,포장 - 젖음/습기,비,교차로 - 교차로안,이륜,남,80세,상해없음,보행자,여,83세,중상
4977,2019062600100613,2019년 6월 26일 20시,수요일,부산광역시 수영구 망미동,경상사고,0,0,1,0,차대사람 - 횡단중,보행자보호의무위반,포장 - 젖음/습기,비,교차로 - 교차로횡단보도내,화물,남,45세,상해없음,보행자,남,66세,경상
4978,2019062600100645,2019년 6월 26일 21시,수요일,부산광역시 강서구 대저1동,중상사고,0,1,0,0,차대사람 - 횡단중,신호위반,포장 - 젖음/습기,비,교차로 - 교차로부근,화물,남,52세,상해없음,보행자,남,57세,중상
4979,2019062600100646,2019년 6월 26일 21시,수요일,부산광역시 사상구 괘법동,경상사고,0,0,1,0,차대사람 - 횡단중,신호위반,포장 - 젖음/습기,비,교차로 - 교차로부근,승용,남,53세,상해없음,보행자,여,57세,경상
4980,2019062600100676,2019년 6월 26일 22시,수요일,부산광역시 동래구 명륜동,경상사고,0,0,1,0,차대사람 - 기타,안전운전불이행,포장 - 젖음/습기,비,단일로 - 기타,자전거,남,42세,상해없음,보행자,여,51세,경상
4981,2019062600100677,2019년 6월 26일 22시,수요일,부산광역시 부산진구 부암동,경상사고,0,0,1,0,차대사람 - 기타,기타,포장 - 젖음/습기,비,교차로 - 교차로부근,승합,남,55세,상해없음,보행자,여,52세,경상
4982,2019062700100074,2019년 6월 27일 06시,목요일,부산광역시 연제구 연산동,경상사고,0,0,1,0,차대사람 - 기타,안전운전불이행,포장 - 젖음/습기,비,단일로 - 기타,승용,남,57세,상해없음,보행자,남,66세,경상
4983,2019062700100175,2019년 6월 27일 09시,목요일,부산광역시 동래구 안락동,중상사고,0,1,0,0,차대사람 - 길가장자리구역통행중,안전운전불이행,포장 - 젖음/습기,비,단일로 - 기타,승합,남,60세,기타불명,보행자,여,68세,중상
4984,2019062700100176,2019년 6월 27일 09시,목요일,부산광역시 사상구 주례동,중상사고,0,1,0,0,차대사람 - 횡단중,신호위반,포장 - 젖음/습기,비,단일로 - 기타,승용,남,70세,상해없음,보행자,여,80세,중상
4985,2019062700100265,2019년 6월 27일 12시,목요일,부산광역시 부산진구 연지동,경상사고,0,0,1,0,차대사람 - 차도통행중,안전운전불이행,포장 - 건조,맑음,단일로 - 기타,승용,여,26세,상해없음,보행자,여,52세,경상
4986,2019062700100301,2019년 6월 27일 13시,목요일,부산광역시 금정구 서동,부상신고사고,0,0,0,1,차대사람 - 기타,안전운전불이행,포장 - 건조,맑음,교차로 - 교차로부근,승용,남,71세,상해없음,보행자,남,19세,부상신고
4987,2019062700100375,2019년 6월 27일 15시,목요일,부산광역시 사하구 하단동,사망사고,1,0,0,0,차대사람 - 횡단중,보행자보호의무위반,포장 - 건조,맑음,교차로 - 교차로횡단보도내,승용,여,46세,상해없음,보행자,여,70세,사망
4988,2019062700100456,2019년 6월 27일 17시,목요일,부산광역시 동구 초량동,경상사고,0,0,1,0,차대사람 - 횡단중,보행자보호의무위반,포장 - 건조,맑음,단일로 - 기타,승용,남,74세,상해없음,보행자,남,28세,경상
4989,2019062700100457,2019년 6월 27일 17시,목요일,부산광역시 남구 대연동,중상사고,0,1,0,0,차대사람 - 횡단중,보행자보호의무위반,포장 - 건조,맑음,교차로 - 교차로부근,승용,여,44세,상해없음,보행자,여,29세,중상
4990,2019062700100499,2019년 6월 27일 18시,목요일,부산광역시 동래구 명륜동,중상사고,0,1,0,0,차대사람 - 횡단중,안전운전불이행,포장 - 건조,맑음,단일로 - 기타,승용,남,30세,상해없음,보행자,남,76세,중상
4991,2019062700100631,2019년 6월 27일 22시,목요일,부산광역시 남구 문현동,중상사고,0,1,0,0,차대사람 - 길가장자리구역통행중,안전운전불이행,포장 - 건조,맑음,단일로 - 기타,승용,여,50세,상해없음,보행자,여,61세,중상
4992,2019062700100653,2019년 6월 27일 23시,목요일,부산광역시 남구 대연동,경상사고,0,0,1,0,차대사람 - 기타,안전운전불이행,포장 - 건조,맑음,단일로 - 기타,승용,남,39세,상해없음,보행자,남,43세,경상
4993,2019062800100049,2019년 6월 28일 02시,금요일,부산광역시 중구 신창동4가,경상사고,0,0,1,0,차대사람 - 기타,안전운전불이행,포장 - 건조,맑음,단일로 - 기타,승용,여,24세,상해없음,보행자,남,27세,경상
4994,2019062800100075,2019년 6월 28일 05시,금요일,부산광역시 동구 초량동,중상사고,0,1,0,0,차대사람 - 기타,안전운전불이행,포장 - 건조,맑음,단일로 - 기타,승용,남,67세,상해없음,보행자,남,64세,중상
4995,2019062800100124,2019년 6월 28일 08시,금요일,부산광역시 부산진구 전포동,중상사고,0,1,0,0,차대사람 - 횡단중,안전운전불이행,포장 - 건조,맑음,단일로 - 기타,승용,남,71세,상해없음,보행자,여,71세,중상
4996,2019062800100159,2019년 6월 28일 09시,금요일,부산광역시 연제구 연산동,경상사고,0,0,1,0,차대사람 - 기타,안전운전불이행,포장 - 건조,맑음,교차로 - 교차로부근,승용,남,46세,상해없음,보행자,남,64세,경상
4997,2019062800100309,2019년 6월 28일 13시,금요일,부산광역시 연제구 연산동,경상사고,0,0,1,0,차대사람 - 기타,기타,포장 - 건조,맑음,단일로 - 기타,승용,남,53세,상해없음,보행자,남,41세,경상
4998,2019062800100338,2019년 6월 28일 14시,금요일,부산광역시 남구 대연동,경상사고,0,0,1,0,차대사람 - 횡단중,안전운전불이행,포장 - 건조,맑음,단일로 - 기타,승용,여,40세,상해없음,보행자,여,72세,경상
4999,2019062800100429,2019년 6월 28일 16시,금요일,부산광역시 연제구 거제동,중상사고,0,1,0,0,차대사람 - 횡단중,안전운전불이행,포장 - 건조,맑음,단일로 - 기타,승합,남,63세,상해없음,보행자,여,9세,중상
5000,2019062800100513,2019년 6월 28일 18시,금요일,부산광역시 수영구 민락동,중상사고,0,1,0,0,차대사람 - 기타,안전운전불이행,포장 - 건조,맑음,단일로 - 기타,이륜,남,41세,상해없음,보행자,남,59세,중상
5001,2019062800100560,2019년 6월 28일 19시,금요일,부산광역시 동래구 명륜동,중상사고,0,1,0,0,차대사람 - 기타,안전운전불이행,포장 - 건조,맑음,단일로 - 기타,승용,남,63세,상해없음,보행자,여,27세,중상
5002,2019062800100561,2019년 6월 28일 19시,금요일,부산광역시 동래구 온천동,경상사고,0,0,3,0,차대사람 - 기타,안전운전불이행,포장 - 건조,맑음,기타 - 기타,승용,남,70세,경상,보행자,여,67세,경상
5003,2019062800100640,2019년 6월 28일 21시,금요일,부산광역시 부산진구 부전동,중상사고,0,1,0,0,차대사람 - 기타,불법유턴,포장 - 건조,맑음,교차로 - 교차로부근,승합,남,50세,상해없음,보행자,남,52세,중상
5004,2019062800100642,2019년 6월 28일 21시,금요일,부산광역시 연제구 연산동,중상사고,0,1,0,0,차대사람 - 보도통행중,신호위반,포장 - 건조,맑음,교차로 - 교차로횡단보도내,승용,남,49세,상해없음,보행자,남,63세,중상
5005,2019062900100074,2019년 6월 29일 02시,토요일,부산광역시 금정구 서동,중상사고,0,1,0,0,차대사람 - 기타,교차로운행방법위반,포장 - 건조,맑음,교차로 - 교차로부근,승용,남,54세,상해없음,보행자,여,51세,중상
5006,2019062900100293,2019년 6월 29일 13시,토요일,부산광역시 남구 대연동,중상사고,0,1,0,0,차대사람 - 차도통행중,안전운전불이행,포장 - 젖음/습기,비,교차로 - 교차로안,승용,남,61세,상해없음,보행자,여,81세,중상
5007,2019062900100409,2019년 6월 29일 16시,토요일,부산광역시 서구 남부민동,경상사고,0,0,1,0,차대사람 - 횡단중,보행자보호의무위반,포장 - 젖음/습기,비,단일로 - 기타,승용,여,54세,상해없음,보행자,남,62세,경상
5008,2019062900100500,2019년 6월 29일 18시,토요일,부산광역시 사하구 하단동,경상사고,0,0,1,0,차대사람 - 기타,안전운전불이행,포장 - 젖음/습기,비,단일로 - 기타,승용,남,54세,상해없음,보행자,남,31세,경상
5009,2019062900100528,2019년 6월 29일 19시,토요일,부산광역시 부산진구 당감동,경상사고,0,0,1,0,차대사람 - 기타,안전운전불이행,포장 - 젖음/습기,비,교차로 - 교차로부근,승용,남,58세,상해없음,보행자,남,31세,경상
5010,2019062900100556,2019년 6월 29일 20시,토요일,부산광역시 사상구 괘법동,경상사고,0,0,1,0,차대사람 - 기타,안전운전불이행,포장 - 젖음/습기,비,단일로 - 기타,화물,남,49세,상해없음,보행자,남,54세,경상
5011,2019062900100640,2019년 6월 29일 23시,토요일,부산광역시 사하구 신평동,경상사고,0,0,1,0,차대사람 - 기타,안전운전불이행,포장 - 건조,맑음,단일로 - 지하차도(도로)내,승용,남,48세,상해없음,보행자,여,24세,경상
5012,2019063000100177,2019년 6월 30일 12시,일요일,부산광역시 남구 문현동,경상사고,0,0,1,0,차대사람 - 횡단중,신호위반,포장 - 건조,흐림,교차로 - 교차로안,승용,여,50세,상해없음,보행자,남,78세,경상
5013,2019063000100178,2019년 6월 30일 12시,일요일,부산광역시 남구 문현동,중상사고,0,1,0,0,차대사람 - 기타,안전운전불이행,포장 - 건조,흐림,단일로 - 기타,승합,남,54세,상해없음,보행자,남,5세,중상
5014,2019063000100212,2019년 6월 30일 13시,일요일,부산광역시 북구 금곡동,경상사고,0,0,1,0,차대사람 - 횡단중,보행자보호의무위반,포장 - 건조,맑음,교차로 - 교차로횡단보도내,승용,남,56세,상해없음,보행자,여,60세,경상
5015,2019063000100349,2019년 6월 30일 18시,일요일,부산광역시 수영구 수영동,중상사고,0,1,0,0,차대사람 - 기타,안전운전불이행,포장 - 건조,맑음,단일로 - 기타,자전거,남,32세,상해없음,보행자,남,72세,중상
5016,2019063000100387,2019년 6월 30일 20시,일요일,부산광역시 북구 덕천동,경상사고,0,0,1,0,차대사람 - 기타,안전운전불이행,포장 - 건조,맑음,단일로 - 기타,화물,남,57세,상해없음,보행자,남,59세,경상
5017,2019063000100410,2019년 6월 30일 21시,일요일,부산광역시 사상구 괘법동,부상신고사고,0,0,0,1,차대사람 - 횡단중,안전운전불이행,포장 - 건조,맑음,기타 - 기타,승용,여,55세,상해없음,보행자,남,58세,부상신고
5018,2019063000100434,2019년 6월 30일 22시,일요일,부산광역시 금정구 장전동,중상사고,0,1,0,0,차대사람 - 차도통행중,안전운전불이행,포장 - 건조,맑음,교차로 - 교차로안,승용,여,68세,상해없음,보행자,남,84세,중상
5019,2019070100100057,2019년 7월 1일 04시,월요일,부산광역시 동구 초량동,중상사고,0,1,0,0,차대사람 - 보도통행중,안전운전불이행,포장 - 건조,맑음,교차로 - 교차로안,승합,남,50세,상해없음,보행자,여,62세,중상
5020,2019070100100095,2019년 7월 1일 07시,월요일,부산광역시 수영구 망미동,경상사고,0,0,1,0,차대사람 - 기타,안전운전불이행,포장 - 건조,맑음,단일로 - 기타,승용,여,57세,상해없음,보행자,남,72세,경상
5021,2019070100100252,2019년 7월 1일 11시,월요일,부산광역시 부산진구 부전동,경상사고,0,0,1,0,차대사람 - 차도통행중,안전운전불이행,포장 - 건조,맑음,단일로 - 기타,승용,남,51세,상해없음,보행자,여,18세,경상
5022,2019070100100253,2019년 7월 1일 11시,월요일,부산광역시 사상구 괘법동,부상신고사고,0,0,0,1,차대사람 - 횡단중,안전운전불이행,포장 - 건조,맑음,단일로 - 기타,화물,남,56세,상해없음,보행자,여,60세,부상신고
5023,2019070100100341,2019년 7월 1일 14시,월요일,부산광역시 사상구 주례동,부상신고사고,0,0,0,1,차대사람 - 차도통행중,안전운전불이행,포장 - 건조,흐림,단일로 - 기타,승용,남,54세,상해없음,보행자,남,50세,부상신고
5024,2019070100100389,2019년 7월 1일 15시,월요일,부산광역시 남구 대연동,부상신고사고,0,0,0,1,차대사람 - 기타,안전운전불이행,포장 - 건조,맑음,단일로 - 기타,기타불명,기타불명,미분류,기타불명,보행자,여,69세,부상신고
5025,2019070100100467,2019년 7월 1일 17시,월요일,부산광역시 해운대구 재송동,중상사고,0,1,0,0,차대사람 - 기타,보행자보호의무위반,포장 - 건조,맑음,단일로 - 기타,이륜,남,19세,상해없음,보행자,여,74세,중상
5026,2019070100100513,2019년 7월 1일 18시,월요일,부산광역시 금정구 남산동,중상사고,0,1,0,0,차대사람 - 횡단중,안전운전불이행,포장 - 건조,맑음,교차로 - 교차로횡단보도내,승용,여,48세,상해없음,보행자,여,36세,중상
5027,2019070100100567,2019년 7월 1일 19시,월요일,부산광역시 해운대구 우동,경상사고,0,0,1,0,차대사람 - 횡단중,보행자보호의무위반,포장 - 건조,맑음,교차로 - 교차로횡단보도내,승용,남,28세,상해없음,보행자,여,22세,경상
5028,2019070200100128,2019년 7월 2일 08시,화요일,부산광역시 사하구 장림동,중상사고,0,1,0,0,차대사람 - 횡단중,보행자보호의무위반,포장 - 건조,맑음,교차로 - 교차로부근,승용,남,41세,상해없음,보행자,여,26세,중상
5029,2019070200100173,2019년 7월 2일 09시,화요일,부산광역시 기장군 기장읍,경상사고,0,0,1,0,차대사람 - 기타,안전운전불이행,포장 - 건조,맑음,교차로 - 교차로부근,승용,남,38세,상해없음,보행자,남,49세,경상
5030,2019070200100398,2019년 7월 2일 16시,화요일,부산광역시 중구 중앙동4가,중상사고,0,1,0,0,차대사람 - 차도통행중,안전운전불이행,포장 - 건조,맑음,교차로 - 교차로안,승용,남,48세,상해없음,보행자,남,64세,중상
5031,2019070200100401,2019년 7월 2일 16시,화요일,부산광역시 동래구 안락동,경상사고,0,0,1,0,차대사람 - 길가장자리구역통행중,안전운전불이행,포장 - 건조,맑음,단일로 - 기타,승용,남,70세,상해없음,보행자,여,36세,경상
5032,2019070200100525,2019년 7월 2일 19시,화요일,부산광역시 해운대구 재송동,중상사고,0,1,0,0,차대사람 - 횡단중,안전운전불이행,포장 - 건조,맑음,교차로 - 교차로횡단보도내,승용,남,63세,상해없음,보행자,여,69세,중상
5033,2019070200100582,2019년 7월 2일 21시,화요일,부산광역시 부산진구 부전동,중상사고,0,1,0,0,차대사람 - 기타,안전운전불이행,포장 - 건조,맑음,단일로 - 기타,화물,남,48세,상해없음,보행자,남,67세,중상
5034,2019070300100033,2019년 7월 3일 01시,수요일,부산광역시 사상구 괘법동,중상사고,0,1,0,0,차대사람 - 기타,안전운전불이행,포장 - 건조,맑음,단일로 - 기타,승용,남,72세,상해없음,보행자,남,60세,중상
5035,2019070300100060,2019년 7월 3일 06시,수요일,부산광역시 영도구 청학동,중상사고,0,1,0,0,차대사람 - 길가장자리구역통행중,안전운전불이행,포장 - 건조,맑음,단일로 - 기타,승용,남,75세,상해없음,보행자,여,53세,중상
5036,2019070300100074,2019년 7월 3일 07시,수요일,부산광역시 동래구 수안동,중상사고,0,1,0,0,차대사람 - 차도통행중,안전운전불이행,포장 - 건조,맑음,단일로 - 기타,화물,남,54세,상해없음,보행자,여,79세,중상
5037,2019070300100270,2019년 7월 3일 13시,수요일,부산광역시 동래구 사직동,경상사고,0,0,1,0,차대사람 - 기타,안전운전불이행,포장 - 건조,맑음,단일로 - 기타,승용,남,68세,상해없음,보행자,남,22세,경상
5038,2019070300100343,2019년 7월 3일 15시,수요일,부산광역시 서구 충무동1가,중상사고,0,1,0,0,차대사람 - 차도통행중,안전운전불이행,포장 - 건조,맑음,단일로 - 기타,승용,남,57세,상해없음,보행자,여,60세,중상
5039,2019070300100531,2019년 7월 3일 20시,수요일,부산광역시 해운대구 반여동,사망사고,1,0,0,0,차대사람 - 횡단중,안전운전불이행,포장 - 건조,맑음,단일로 - 기타,승합,남,55세,상해없음,보행자,남,60세,사망
5040,2019070300100532,2019년 7월 3일 20시,수요일,부산광역시 부산진구 양정동,경상사고,0,0,1,0,차대사람 - 기타,안전운전불이행,포장 - 건조,맑음,기타 - 기타,승용,남,67세,상해없음,보행자,남,11세,경상
5041,2019070300100565,2019년 7월 3일 21시,수요일,부산광역시 기장군 일광면,중상사고,0,1,0,0,차대사람 - 기타,안전운전불이행,포장 - 건조,맑음,교차로 - 교차로안,승용,남,40세,상해없음,보행자,남,31세,중상
5042,2019070400100026,2019년 7월 4일 00시,목요일,부산광역시 사하구 장림동,경상사고,0,0,1,0,차대사람 - 횡단중,보행자보호의무위반,포장 - 건조,기타,교차로 - 교차로부근,승용,남,36세,상해없음,보행자,남,28세,경상
5043,2019070400100312,2019년 7월 4일 13시,목요일,부산광역시 수영구 남천동,중상사고,0,1,0,0,차대사람 - 기타,안전운전불이행,포장 - 건조,맑음,기타 - 기타,승용,여,73세,상해없음,보행자,여,57세,중상
5044,2019070400100314,2019년 7월 4일 13시,목요일,부산광역시 해운대구 반여동,경상사고,0,0,1,0,차대사람 - 횡단중,보행자보호의무위반,포장 - 건조,맑음,교차로 - 교차로부근,승용,여,62세,상해없음,보행자,남,20세,경상
5045,2019070400100462,2019년 7월 4일 17시,목요일,부산광역시 부산진구 범천동,중상사고,0,1,0,0,차대사람 - 횡단중,보행자보호의무위반,포장 - 건조,맑음,교차로 - 교차로횡단보도내,승용,남,28세,상해없음,보행자,여,6세,중상
5046,2019070400100600,2019년 7월 4일 21시,목요일,부산광역시 서구 충무동1가,중상사고,0,1,0,0,차대사람 - 횡단중,안전운전불이행,포장 - 건조,맑음,교차로 - 교차로횡단보도내,승용,남,49세,상해없음,보행자,여,58세,중상
5047,2019070400100601,2019년 7월 4일 21시,목요일,부산광역시 영도구 동삼동,경상사고,0,0,1,0,차대사람 - 횡단중,안전운전불이행,포장 - 건조,흐림,단일로 - 기타,이륜,남,22세,상해없음,보행자,여,47세,경상
5048,2019070400100628,2019년 7월 4일 22시,목요일,부산광역시 동래구 온천동,경상사고,0,0,1,0,차대사람 - 횡단중,신호위반,포장 - 건조,맑음,교차로 - 교차로안,이륜,남,25세,상해없음,보행자,남,33세,경상
5049,2019070500100049,2019년 7월 5일 02시,금요일,부산광역시 동래구 명륜동,경상사고,0,0,1,0,차대사람 - 기타,보행자보호의무위반,포장 - 건조,맑음,교차로 - 교차로부근,승용,남,64세,상해없음,보행자,남,32세,경상
5050,2019070500100093,2019년 7월 5일 07시,금요일,부산광역시 부산진구 가야동,중상사고,0,1,0,0,차대사람 - 횡단중,보행자보호의무위반,포장 - 건조,맑음,교차로 - 교차로횡단보도내,승용,남,42세,상해없음,보행자,남,67세,중상
5051,2019070500100094,2019년 7월 5일 07시,금요일,부산광역시 연제구 연산동,경상사고,0,0,1,0,차대사람 - 기타,안전운전불이행,포장 - 건조,맑음,단일로 - 기타,이륜,남,26세,상해없음,보행자,여,36세,경상
5052,2019070500100127,2019년 7월 5일 08시,금요일,부산광역시 동래구 명륜동,경상사고,0,0,1,0,차대사람 - 기타,안전운전불이행,포장 - 건조,맑음,단일로 - 기타,승용,여,40세,상해없음,보행자,남,38세,경상
5053,2019070500100233,2019년 7월 5일 11시,금요일,부산광역시 동래구 명륜동,중상사고,0,1,0,0,차대사람 - 기타,안전운전불이행,포장 - 건조,맑음,단일로 - 기타,승용,여,44세,상해없음,보행자,여,46세,중상
5054,2019070500100272,2019년 7월 5일 12시,금요일,부산광역시 부산진구 양정동,경상사고,0,0,1,0,차대사람 - 기타,안전운전불이행,포장 - 건조,맑음,단일로 - 기타,승용,남,69세,상해없음,보행자,남,68세,경상
5055,2019070500100303,2019년 7월 5일 13시,금요일,부산광역시 동구 범일동,중상사고,0,1,0,0,차대사람 - 기타,기타,포장 - 건조,맑음,기타 - 기타,건설기계,남,59세,상해없음,보행자,여,67세,중상
5056,2019070500100304,2019년 7월 5일 13시,금요일,부산광역시 사하구 다대동,중상사고,0,1,0,0,차대사람 - 기타,안전운전불이행,포장 - 건조,맑음,단일로 - 기타,승용,남,64세,상해없음,보행자,여,90세 이상,중상
5057,2019070500100344,2019년 7월 5일 14시,금요일,부산광역시 영도구 대교동1가,부상신고사고,0,0,0,1,차대사람 - 기타,안전운전불이행,포장 - 건조,맑음,단일로 - 교량,기타불명,기타불명,미분류,기타불명,보행자,남,71세,부상신고
5058,2019070500100579,2019년 7월 5일 19시,금요일,부산광역시 부산진구 개금동,경상사고,0,0,1,0,차대사람 - 보도통행중,기타,포장 - 건조,맑음,기타 - 기타,자전거,기타불명,미분류,기타불명,보행자,여,40세,경상
5059,2019070500100634,2019년 7월 5일 21시,금요일,부산광역시 사상구 괘법동,경상사고,0,0,2,0,차대사람 - 횡단중,안전운전불이행,포장 - 건조,맑음,교차로 - 교차로안,승용,남,53세,상해없음,보행자,남,30세,경상
5060,2019070500100690,2019년 7월 5일 23시,금요일,부산광역시 사하구 하단동,중상사고,0,1,0,0,차대사람 - 횡단중,안전운전불이행,포장 - 건조,맑음,단일로 - 기타,승용,여,31세,상해없음,보행자,여,82세,중상
5061,2019070600100187,2019년 7월 6일 09시,토요일,부산광역시 해운대구 석대동,사망사고,1,0,0,0,차대사람 - 횡단중,안전운전불이행,포장 - 건조,맑음,교차로 - 교차로부근,승합,남,46세,상해없음,보행자,여,74세,사망
5062,2019070600100350,2019년 7월 6일 13시,토요일,부산광역시 사하구 다대동,중상사고,0,1,0,0,차대사람 - 횡단중,불법유턴,포장 - 건조,맑음,교차로 - 교차로부근,승용,남,58세,상해없음,보행자,남,75세,중상
5063,2019070600100392,2019년 7월 6일 14시,토요일,부산광역시 부산진구 부전동,중상사고,0,1,0,0,차대사람 - 횡단중,중앙선침범,포장 - 건조,맑음,단일로 - 기타,승용,여,59세,상해없음,보행자,여,62세,중상
5064,2019070600100470,2019년 7월 6일 16시,토요일,부산광역시 부산진구 양정동,중상사고,0,1,0,0,차대사람 - 기타,신호위반,포장 - 건조,맑음,교차로 - 교차로횡단보도내,승용,남,22세,상해없음,보행자,남,8세,중상
5065,2019070600100473,2019년 7월 6일 16시,토요일,부산광역시 강서구 신호동,경상사고,0,0,1,0,차대사람 - 기타,안전운전불이행,포장 - 건조,맑음,단일로 - 기타,승용,남,52세,상해없음,보행자,남,5세,경상
5066,2019070600100558,2019년 7월 6일 18시,토요일,부산광역시 사하구 괴정동,중상사고,0,1,0,0,차대사람 - 차도통행중,안전운전불이행,포장 - 건조,맑음,단일로 - 기타,이륜,여,19세,상해없음,보행자,여,60세,중상
5067,2019070600100586,2019년 7월 6일 19시,토요일,부산광역시 남구 대연동,중상사고,0,1,0,0,차대사람 - 횡단중,보행자보호의무위반,포장 - 건조,맑음,단일로 - 기타,승용,남,25세,상해없음,보행자,남,53세,중상
5068,2019070600100587,2019년 7월 6일 19시,토요일,부산광역시 수영구 민락동,중상사고,0,1,0,0,차대사람 - 기타,안전운전불이행,포장 - 건조,맑음,단일로 - 기타,이륜,남,42세,상해없음,보행자,남,4세,중상
5069,2019070600100653,2019년 7월 6일 21시,토요일,부산광역시 동래구 수안동,경상사고,0,0,1,0,차대사람 - 기타,중앙선침범,포장 - 건조,맑음,단일로 - 기타,승용,남,41세,상해없음,보행자,남,55세,경상
5070,2019070600100654,2019년 7월 6일 21시,토요일,부산광역시 부산진구 범천동,중상사고,0,1,0,0,차대사람 - 횡단중,안전운전불이행,포장 - 건조,맑음,교차로 - 교차로부근,이륜,남,69세,상해없음,보행자,남,56세,중상
5071,2019070600100655,2019년 7월 6일 21시,토요일,부산광역시 사하구 하단동,중상사고,0,1,0,0,차대사람 - 보도통행중,기타,포장 - 건조,맑음,기타 - 기타,자전거,남,38세,상해없음,보행자,남,73세,중상
5072,2019070700100070,2019년 7월 7일 04시,일요일,부산광역시 부산진구 부전동,경상사고,0,0,2,0,차대사람 - 길가장자리구역통행중,안전운전불이행,포장 - 건조,맑음,단일로 - 기타,승용,남,30세,상해없음,보행자,남,38세,경상
5073,2019070700100106,2019년 7월 7일 08시,일요일,부산광역시 해운대구 우동,경상사고,0,0,1,0,차대사람 - 보도통행중,기타,포장 - 건조,맑음,단일로 - 기타,이륜,남,23세,상해없음,보행자,남,32세,경상
5074,2019070700100139,2019년 7월 7일 10시,일요일,부산광역시 기장군 기장읍,경상사고,0,0,1,0,차대사람 - 차도통행중,안전운전불이행,포장 - 건조,맑음,단일로 - 기타,승용,남,53세,상해없음,보행자,남,75세,경상
5075,2019070700100216,2019년 7월 7일 13시,일요일,부산광역시 연제구 연산동,경상사고,0,0,1,0,차대사람 - 기타,안전운전불이행,포장 - 건조,맑음,단일로 - 기타,승용,남,79세,상해없음,보행자,여,13세,경상
5076,2019070700100252,2019년 7월 7일 14시,일요일,부산광역시 중구 부평동3가,경상사고,0,0,1,0,차대사람 - 기타,안전운전불이행,포장 - 건조,맑음,단일로 - 기타,승용,여,36세,기타불명,보행자,여,75세,경상
5077,2019070700100289,2019년 7월 7일 15시,일요일,부산광역시 강서구 명지동,경상사고,0,0,1,0,차대사람 - 보도통행중,보행자보호의무위반,포장 - 건조,맑음,단일로 - 기타,이륜,남,46세,상해없음,보행자,여,7세,경상
5078,2019070700100417,2019년 7월 7일 19시,일요일,부산광역시 남구 대연동,중상사고,0,1,0,0,차대사람 - 횡단중,안전운전불이행,포장 - 건조,맑음,교차로 - 교차로부근,승용,남,63세,상해없음,보행자,남,50세,중상
5079,2019070800100038,2019년 7월 8일 01시,월요일,부산광역시 사하구 신평동,경상사고,0,0,1,0,차대사람 - 기타,안전운전불이행,포장 - 건조,맑음,단일로 - 지하차도(도로)내,기타불명,기타불명,미분류,기타불명,보행자,남,48세,경상
5080,2019070800100110,2019년 7월 8일 08시,월요일,부산광역시 해운대구 재송동,중상사고,0,1,0,0,차대사람 - 보도통행중,기타,포장 - 건조,맑음,단일로 - 기타,개인형이동수단(PM),남,36세,상해없음,보행자,여,72세,중상
5081,2019070800100274,2019년 7월 8일 12시,월요일,부산광역시 중구 영주동,중상사고,0,1,0,0,차대사람 - 차도통행중,안전운전불이행,포장 - 건조,맑음,단일로 - 기타,화물,남,40세,상해없음,보행자,여,67세,중상
5082,2019070800100309,2019년 7월 8일 13시,월요일,부산광역시 연제구 연산동,중상사고,0,1,0,0,차대사람 - 기타,안전운전불이행,포장 - 건조,맑음,단일로 - 기타,자전거,남,16세,상해없음,보행자,여,63세,중상
5083,2019070800100332,2019년 7월 8일 14시,월요일,부산광역시 동구 초량동,중상사고,0,1,0,0,차대사람 - 차도통행중,안전운전불이행,포장 - 건조,맑음,단일로 - 기타,승용,남,72세,상해없음,보행자,남,59세,중상
5084,2019070800100333,2019년 7월 8일 14시,월요일,부산광역시 서구 서대신동3가,중상사고,0,1,0,0,차대사람 - 횡단중,신호위반,포장 - 건조,맑음,단일로 - 기타,승용,남,27세,상해없음,보행자,남,9세,중상