,사고번호,사고일시,요일,시군구,사고내용,사망자수,중상자수,경상자수,부상신고자수,사고유형,법규위반,노면상태,기상상태,도로형태,가해운전자 차종,가해운전자 성별,가해운전자 연령,가해운전자 상해정도,피해운전자 차종,피해운전자 성별,피해운전자 연령,피해운전자 상해정도
6549,2019113000100538,2019년 11월 30일 18시,토요일,부산광역시 해운대구 반여동,경상사고,0,0,1,0,차대사람 - 횡단중,신호위반,포장 - 건조,맑음,교차로 - 교차로횡단보도내,이륜,남,48세,상해없음,보행자,여,74세,경상
6550,2019113000100711,2019년 11월 30일 23시,토요일,부산광역시 사상구 괘법동,경상사고,0,0,1,0,차대사람 - 횡단중,안전운전불이행,포장 - 젖음/습기,비,교차로 - 교차로안,승용,남,49세,상해없음,보행자,남,56세,경상
6551,2019120100100048,2019년 12월 1일 01시,일요일,부산광역시 동구 초량동,중상사고,0,1,0,0,차대사람 - 기타,안전운전불이행,포장 - 건조,맑음,단일로 - 기타,승용,남,61세,상해없음,보행자,남,52세,중상
6552,2019120100100082,2019년 12월 1일 03시,일요일,부산광역시 사상구 괘법동,부상신고사고,0,0,0,1,차대사람 - 보도통행중,안전운전불이행,포장 - 젖음/습기,비,기타 - 기타,승용,남,51세,상해없음,보행자,남,22세,부상신고
6553,2019120100100108,2019년 12월 1일 05시,일요일,부산광역시 수영구 광안동,중상사고,0,1,0,0,차대사람 - 횡단중,안전운전불이행,포장 - 건조,맑음,단일로 - 기타,화물,남,60세,상해없음,보행자,남,23세,중상
6554,2019120100100371,2019년 12월 1일 17시,일요일,부산광역시 사하구 당리동,중상사고,0,1,0,0,차대사람 - 기타,안전운전불이행,포장 - 젖음/습기,비,단일로 - 기타,승용,남,59세,상해없음,보행자,남,62세,중상
6555,2019120100100420,2019년 12월 1일 18시,일요일,부산광역시 부산진구 가야동,중상사고,0,1,0,0,차대사람 - 횡단중,안전운전불이행,포장 - 젖음/습기,비,교차로 - 교차로안,승용,남,57세,상해없음,보행자,남,76세,중상
6556,2019120100100421,2019년 12월 1일 18시,일요일,부산광역시 사하구 다대동,경상사고,0,0,1,0,차대사람 - 차도통행중,안전운전불이행,포장 - 젖음/습기,비,단일로 - 기타,이륜,남,60세,상해없음,보행자,여,78세,경상
6557,2019120100100422,2019년 12월 1일 18시,일요일,부산광역시 기장군 일광면,사망사고,1,0,0,0,차대사람 - 횡단중,안전운전불이행,포장 - 젖음/습기,비,단일로 - 기타,화물,남,50세,상해없음,보행자,여,69세,사망
6558,2019120100100468,2019년 12월 1일 19시,일요일,부산광역시 사하구 당리동,중상사고,0,1,0,0,차대사람 - 차도통행중,안전운전불이행,포장 - 젖음/습기,비,단일로 - 기타,승용,남,49세,상해없음,보행자,남,66세,중상
6559,2019120200100102,2019년 12월 2일 08시,월요일,부산광역시 동래구 안락동,경상사고,0,0,1,0,차대사람 - 기타,안전운전불이행,포장 - 건조,맑음,교차로 - 교차로부근,화물,남,73세,상해없음,보행자,남,24세,경상
6560,2019120200100103,2019년 12월 2일 08시,월요일,부산광역시 해운대구 좌동,중상사고,0,1,0,0,차대사람 - 횡단중,안전운전불이행,포장 - 건조,맑음,교차로 - 교차로안,승용,남,25세,상해없음,보행자,남,83세,중상
6561,2019120200100106,2019년 12월 2일 08시,월요일,부산광역시 사상구 주례동,경상사고,0,0,1,0,차대사람 - 횡단중,보행자보호의무위반,포장 - 건조,맑음,교차로 - 교차로횡단보도내,승용,남,71세,상해없음,보행자,남,58세,경상
6562,2019120200100150,2019년 12월 2일 09시,월요일,부산광역시 부산진구 범천동,중상사고,0,1,0,0,차대사람 - 기타,안전운전불이행,포장 - 건조,맑음,단일로 - 기타,승용,여,57세,상해없음,보행자,여,51세,중상
6563,2019120200100174,2019년 12월 2일 10시,월요일,부산광역시 동구 초량동,경상사고,0,0,1,0,차대사람 - 차도통행중,안전운전불이행,포장 - 건조,맑음,교차로 - 교차로부근,화물,남,62세,상해없음,보행자,남,34세,경상
6564,2019120200100175,2019년 12월 2일 10시,월요일,부산광역시 사하구 하단동,중상사고,0,1,0,0,차대사람 - 횡단중,안전운전불이행,포장 - 건조,맑음,단일로 - 기타,승합,남,54세,상해없음,보행자,남,73세,중상
6565,2019120200100214,2019년 12월 2일 11시,월요일,부산광역시 금정구 부곡동,경상사고,0,0,1,0,차대사람 - 횡단중,보행자보호의무위반,포장 - 건조,맑음,교차로 - 교차로안,승용,남,73세,상해없음,보행자,남,79세,경상
6566,2019120200100366,2019년 12월 2일 16시,월요일,부산광역시 북구 덕천동,중상사고,0,1,0,0,차대사람 - 기타,안전운전불이행,포장 - 건조,맑음,교차로 - 교차로부근,화물,남,61세,상해없음,보행자,여,66세,중상
6567,2019120200100367,2019년 12월 2일 16시,월요일,부산광역시 북구 화명동,중상사고,0,1,0,0,차대사람 - 기타,안전운전불이행,포장 - 건조,맑음,단일로 - 기타,화물,여,52세,상해없음,보행자,여,41세,중상
6568,2019120200100419,2019년 12월 2일 17시,월요일,부산광역시 동구 좌천동,경상사고,0,0,1,0,차대사람 - 횡단중,보행자보호의무위반,포장 - 건조,맑음,단일로 - 기타,승용,남,43세,상해없음,보행자,남,82세,경상
6569,2019120200100421,2019년 12월 2일 17시,월요일,부산광역시 해운대구 재송동,중상사고,0,1,0,0,차대사람 - 기타,안전운전불이행,포장 - 건조,맑음,단일로 - 기타,승용,여,45세,상해없음,보행자,여,72세,중상
6570,2019120200100422,2019년 12월 2일 17시,월요일,부산광역시 연제구 연산동,경상사고,0,0,1,0,차대사람 - 횡단중,안전거리미확보,포장 - 건조,맑음,단일로 - 기타,이륜,남,28세,상해없음,보행자,남,12세,경상
6571,2019120200100478,2019년 12월 2일 18시,월요일,부산광역시 남구 문현동,경상사고,0,0,1,0,차대사람 - 기타,안전운전불이행,포장 - 건조,맑음,단일로 - 기타,승용,남,27세,상해없음,보행자,남,72세,경상
6572,2019120200100632,2019년 12월 2일 23시,월요일,부산광역시 영도구 신선동3가,중상사고,0,1,0,0,차대사람 - 횡단중,안전운전불이행,포장 - 건조,맑음,단일로 - 기타,이륜,남,38세,상해없음,보행자,여,59세,중상
6573,2019120300100053,2019년 12월 3일 04시,화요일,부산광역시 부산진구 가야동,중상사고,0,1,0,0,차대사람 - 기타,안전운전불이행,포장 - 건조,맑음,단일로 - 고가도로위,특수,남,54세,상해없음,보행자,남,34세,중상
6574,2019120300100058,2019년 12월 3일 05시,화요일,부산광역시 금정구 노포동,경상사고,0,0,1,0,차대사람 - 횡단중,안전운전불이행,포장 - 건조,맑음,교차로 - 교차로안,개인형이동수단(PM),남,27세,상해없음,보행자,여,64세,경상
6575,2019120300100164,2019년 12월 3일 09시,화요일,부산광역시 기장군 기장읍,경상사고,0,0,1,0,차대사람 - 기타,안전운전불이행,포장 - 건조,맑음,단일로 - 기타,승용,남,32세,상해없음,보행자,여,76세,경상
6576,2019120300100259,2019년 12월 3일 12시,화요일,부산광역시 동래구 명륜동,중상사고,0,1,0,0,차대사람 - 횡단중,보행자보호의무위반,포장 - 건조,맑음,단일로 - 기타,화물,남,69세,상해없음,보행자,여,65세,중상
6577,2019120300100380,2019년 12월 3일 15시,화요일,부산광역시 부산진구 부전동,경상사고,0,0,1,0,차대사람 - 횡단중,보행자보호의무위반,포장 - 건조,맑음,단일로 - 기타,승용,여,67세,상해없음,보행자,여,71세,경상
6578,2019120300100408,2019년 12월 3일 16시,화요일,부산광역시 남구 용호동,중상사고,0,1,0,0,차대사람 - 차도통행중,안전운전불이행,포장 - 건조,맑음,단일로 - 기타,승용,남,26세,상해없음,보행자,여,77세,중상
6579,2019120300100441,2019년 12월 3일 17시,화요일,부산광역시 동구 초량동,중상사고,0,1,0,0,차대사람 - 기타,안전운전불이행,포장 - 건조,맑음,단일로 - 기타,승합,남,50세,상해없음,보행자,여,76세,중상
6580,2019120300100442,2019년 12월 3일 17시,화요일,부산광역시 사하구 괴정동,중상사고,0,1,0,0,차대사람 - 횡단중,안전운전불이행,포장 - 건조,맑음,교차로 - 교차로안,승용,남,60세,상해없음,보행자,여,63세,중상
6581,2019120300100491,2019년 12월 3일 18시,화요일,부산광역시 금정구 구서동,부상신고사고,0,0,0,1,차대사람 - 기타,안전운전불이행,포장 - 건조,맑음,기타 - 기타,승합,남,55세,상해없음,보행자,여,28세,부상신고
6582,2019120300100544,2019년 12월 3일 19시,화요일,부산광역시 동래구 명륜동,경상사고,0,0,1,0,차대사람 - 기타,안전운전불이행,포장 - 건조,맑음,기타 - 기타,승용,남,59세,상해없음,보행자,남,40세,경상
6583,2019120300100545,2019년 12월 3일 19시,화요일,부산광역시 해운대구 반여동,경상사고,0,0,1,0,차대사람 - 기타,안전운전불이행,포장 - 건조,맑음,단일로 - 기타,승용,남,64세,상해없음,보행자,남,67세,경상
6584,2019120300100660,2019년 12월 3일 23시,화요일,부산광역시 남구 대연동,중상사고,0,1,0,0,차대사람 - 기타,안전운전불이행,포장 - 건조,맑음,단일로 - 기타,승용,남,31세,상해없음,보행자,남,46세,중상
6585,2019120400100159,2019년 12월 4일 07시,수요일,부산광역시 사상구 엄궁동,경상사고,0,0,1,0,차대사람 - 길가장자리구역통행중,안전운전불이행,포장 - 건조,맑음,기타 - 기타,기타불명,기타불명,미분류,기타불명,보행자,남,14세,경상
6586,2019120400100188,2019년 12월 4일 08시,수요일,부산광역시 동래구 명장동,경상사고,0,0,1,0,차대사람 - 횡단중,보행자보호의무위반,포장 - 건조,맑음,교차로 - 교차로안,승용,남,49세,상해없음,보행자,여,29세,경상
6587,2019120400100189,2019년 12월 4일 08시,수요일,부산광역시 부산진구 가야동,경상사고,0,0,1,0,차대사람 - 차도통행중,안전운전불이행,포장 - 건조,맑음,단일로 - 기타,승용,남,45세,상해없음,보행자,여,13세,경상
6588,2019120400100449,2019년 12월 4일 15시,수요일,부산광역시 동래구 명륜동,중상사고,0,1,0,0,차대사람 - 기타,신호위반,포장 - 건조,맑음,교차로 - 교차로부근,화물,남,45세,상해없음,보행자,여,86세,중상
6589,2019120400100519,2019년 12월 4일 17시,수요일,부산광역시 금정구 서동,중상사고,0,1,0,0,차대사람 - 기타,안전운전불이행,포장 - 건조,맑음,단일로 - 기타,승용,여,48세,상해없음,보행자,여,71세,중상
6590,2019120400100575,2019년 12월 4일 18시,수요일,부산광역시 부산진구 부전동,경상사고,0,0,1,0,차대사람 - 길가장자리구역통행중,안전운전불이행,포장 - 건조,맑음,단일로 - 기타,승용,남,27세,상해없음,보행자,여,19세,경상
6591,2019120400100711,2019년 12월 4일 22시,수요일,부산광역시 부산진구 개금동,경상사고,0,0,1,0,차대사람 - 횡단중,신호위반,포장 - 건조,맑음,단일로 - 기타,이륜,남,22세,상해없음,보행자,여,32세,경상
6592,2019120500100107,2019년 12월 5일 07시,목요일,부산광역시 사상구 주례동,경상사고,0,0,1,0,차대사람 - 횡단중,안전운전불이행,포장 - 건조,맑음,교차로 - 교차로안,승용,남,43세,상해없음,보행자,남,70세,경상
6593,2019120500100182,2019년 12월 5일 09시,목요일,부산광역시 서구 부용동1가,중상사고,0,1,0,0,차대사람 - 횡단중,보행자보호의무위반,포장 - 건조,맑음,단일로 - 기타,승합,여,42세,상해없음,보행자,여,79세,중상
6594,2019120500100273,2019년 12월 5일 12시,목요일,부산광역시 북구 구포동,중상사고,0,1,0,0,차대사람 - 횡단중,신호위반,포장 - 건조,맑음,단일로 - 기타,승용,여,53세,상해없음,보행자,여,42세,중상
6595,2019120500100274,2019년 12월 5일 12시,목요일,부산광역시 금정구 장전동,경상사고,0,0,1,0,차대사람 - 횡단중,안전운전불이행,포장 - 건조,맑음,단일로 - 기타,이륜,남,21세,상해없음,보행자,남,22세,경상
6596,2019120500100373,2019년 12월 5일 15시,목요일,부산광역시 서구 동대신동3가,경상사고,0,0,1,0,차대사람 - 기타,안전운전불이행,포장 - 건조,맑음,단일로 - 기타,승합,남,44세,상해없음,보행자,여,70세,경상
6597,2019120500100458,2019년 12월 5일 17시,목요일,부산광역시 영도구 영선동2가,중상사고,0,1,0,0,차대사람 - 횡단중,보행자보호의무위반,포장 - 건조,맑음,교차로 - 교차로횡단보도내,승용,남,60세,상해없음,보행자,남,67세,중상
6598,2019120500100460,2019년 12월 5일 17시,목요일,부산광역시 사하구 장림동,경상사고,0,0,1,0,차대사람 - 횡단중,신호위반,포장 - 건조,맑음,단일로 - 기타,이륜,남,17세,상해없음,보행자,여,69세,경상
6599,2019120500100599,2019년 12월 5일 20시,목요일,부산광역시 부산진구 부전동,중상사고,0,1,0,0,차대사람 - 기타,안전운전불이행,포장 - 건조,맑음,교차로 - 교차로안,승용,남,65세,기타불명,보행자,여,50세,중상
6600,2019120500100670,2019년 12월 5일 23시,목요일,부산광역시 금정구 부곡동,부상신고사고,0,0,0,1,차대사람 - 기타,안전운전불이행,포장 - 건조,맑음,교차로 - 교차로부근,승용,남,71세,상해없음,보행자,여,36세,부상신고
6601,2019120600100076,2019년 12월 6일 06시,금요일,부산광역시 부산진구 전포동,경상사고,0,0,1,0,차대사람 - 횡단중,보행자보호의무위반,포장 - 건조,맑음,교차로 - 교차로횡단보도내,화물,남,33세,상해없음,보행자,여,70세,경상
6602,2019120600100177,2019년 12월 6일 09시,금요일,부산광역시 연제구 연산동,중상사고,0,1,0,0,차대사람 - 횡단중,안전운전불이행,포장 - 건조,맑음,교차로 - 교차로횡단보도내,화물,남,67세,상해없음,보행자,여,77세,중상
6603,2019120600100178,2019년 12월 6일 09시,금요일,부산광역시 사상구 모라동,경상사고,0,0,1,0,차대사람 - 횡단중,안전운전불이행,포장 - 건조,맑음,교차로 - 교차로안,승용,남,56세,상해없음,보행자,여,59세,경상
6604,2019120600100215,2019년 12월 6일 10시,금요일,부산광역시 서구 아미동2가,경상사고,0,0,1,0,차대사람 - 횡단중,안전운전불이행,포장 - 젖음/습기,흐림,교차로 - 교차로부근,승합,남,40세,상해없음,보행자,남,65세,경상
6605,2019120600100245,2019년 12월 6일 11시,금요일,부산광역시 연제구 연산동,경상사고,0,0,1,0,차대사람 - 기타,안전운전불이행,포장 - 건조,맑음,단일로 - 기타,승용,남,65세,상해없음,보행자,여,48세,경상
6606,2019120600100348,2019년 12월 6일 14시,금요일,부산광역시 남구 문현동,경상사고,0,0,1,0,차대사람 - 기타,안전운전불이행,포장 - 건조,맑음,단일로 - 기타,기타불명,기타불명,미분류,기타불명,보행자,여,16세,경상
6607,2019120600100349,2019년 12월 6일 14시,금요일,부산광역시 강서구 대저2동,경상사고,0,0,1,0,차대사람 - 보도통행중,안전운전불이행,포장 - 건조,맑음,단일로 - 기타,자전거,여,73세,상해없음,보행자,남,47세,경상
6608,2019120700100030,2019년 12월 7일 00시,토요일,부산광역시 동래구 온천동,경상사고,0,0,1,0,차대사람 - 기타,안전운전불이행,포장 - 건조,맑음,단일로 - 기타,승용,남,49세,상해없음,보행자,남,62세,경상
6609,2019120700100032,2019년 12월 7일 00시,토요일,부산광역시 부산진구 양정동,중상사고,0,1,1,0,차대사람 - 횡단중,안전운전불이행,포장 - 건조,맑음,단일로 - 기타,승용,남,61세,상해없음,보행자,남,53세,중상
6610,2019120700100179,2019년 12월 7일 10시,토요일,부산광역시 사상구 모라동,중상사고,0,1,0,0,차대사람 - 횡단중,신호위반,포장 - 건조,맑음,단일로 - 지하차도(도로)내,승용,남,61세,기타불명,보행자,여,78세,중상
6611,2019120700100247,2019년 12월 7일 12시,토요일,부산광역시 수영구 민락동,경상사고,0,0,1,0,차대사람 - 기타,신호위반,포장 - 건조,맑음,단일로 - 기타,화물,남,62세,상해없음,보행자,남,38세,경상
6612,2019120700100248,2019년 12월 7일 12시,토요일,부산광역시 부산진구 전포동,중상사고,0,1,0,0,차대사람 - 횡단중,신호위반,포장 - 건조,맑음,단일로 - 기타,이륜,남,56세,상해없음,보행자,여,23세,중상
6613,2019120700100326,2019년 12월 7일 14시,토요일,부산광역시 부산진구 부암동,경상사고,0,0,1,0,차대사람 - 길가장자리구역통행중,안전운전불이행,포장 - 건조,맑음,교차로 - 교차로안,화물,남,72세,상해없음,보행자,여,82세,경상
6614,2019120700100361,2019년 12월 7일 15시,토요일,부산광역시 남구 대연동,경상사고,0,0,1,0,차대사람 - 기타,안전운전불이행,포장 - 건조,맑음,단일로 - 기타,승용,남,27세,상해없음,보행자,여,72세,경상
6615,2019120700100398,2019년 12월 7일 16시,토요일,부산광역시 사하구 괴정동,중상사고,0,1,0,0,차대사람 - 기타,안전운전불이행,포장 - 건조,맑음,단일로 - 지하차도(도로)내,승합,남,47세,상해없음,보행자,남,58세,중상
6616,2019120700100424,2019년 12월 7일 17시,토요일,부산광역시 수영구 민락동,경상사고,0,0,1,0,차대사람 - 기타,안전운전불이행,포장 - 건조,맑음,단일로 - 기타,자전거,남,54세,기타불명,보행자,여,56세,경상
6617,2019120700100425,2019년 12월 7일 17시,토요일,부산광역시 부산진구 부전동,경상사고,0,0,2,0,차대사람 - 기타,안전운전불이행,포장 - 건조,맑음,단일로 - 기타,승용,남,69세,상해없음,보행자,여,44세,경상
6618,2019120700100426,2019년 12월 7일 17시,토요일,부산광역시 금정구 청룡동,중상사고,0,1,0,0,차대사람 - 기타,안전운전불이행,포장 - 건조,맑음,교차로 - 교차로안,승용,남,63세,상해없음,보행자,여,72세,중상
6619,2019120700100474,2019년 12월 7일 18시,토요일,부산광역시 수영구 광안동,중상사고,0,1,0,0,차대사람 - 횡단중,안전운전불이행,포장 - 건조,맑음,교차로 - 교차로횡단보도내,승용,여,27세,상해없음,보행자,남,60세,중상
6620,2019120700100602,2019년 12월 7일 21시,토요일,부산광역시 수영구 남천동,경상사고,0,0,1,0,차대사람 - 차도통행중,안전운전불이행,포장 - 건조,맑음,단일로 - 기타,승용,남,40세,상해없음,보행자,남,33세,경상
6621,2019120800100018,2019년 12월 8일 00시,일요일,부산광역시 수영구 광안동,경상사고,0,0,1,0,차대사람 - 길가장자리구역통행중,안전운전불이행,포장 - 건조,맑음,교차로 - 교차로부근,승용,남,61세,상해없음,보행자,남,22세,경상
6622,2019120800100091,2019년 12월 8일 03시,일요일,부산광역시 부산진구 범천동,중상사고,0,1,0,0,차대사람 - 횡단중,안전운전불이행,포장 - 건조,맑음,단일로 - 기타,승용,남,58세,상해없음,보행자,남,40세,중상
6623,2019120800100115,2019년 12월 8일 05시,일요일,부산광역시 부산진구 부전동,경상사고,0,0,1,0,차대사람 - 기타,안전운전불이행,포장 - 건조,맑음,기타 - 기타,승용,남,63세,상해없음,보행자,남,23세,경상
6624,2019120800100157,2019년 12월 8일 09시,일요일,부산광역시 동래구 온천동,부상신고사고,0,0,0,1,차대사람 - 기타,안전운전불이행,포장 - 건조,맑음,단일로 - 기타,승합,남,33세,상해없음,보행자,여,56세,부상신고
6625,2019120800100205,2019년 12월 8일 11시,일요일,부산광역시 금정구 장전동,경상사고,0,0,1,0,차대사람 - 횡단중,안전운전불이행,포장 - 건조,맑음,단일로 - 기타,승합,남,49세,상해없음,보행자,여,75세,경상
6626,2019120800100364,2019년 12월 8일 17시,일요일,부산광역시 금정구 선동,중상사고,0,1,0,0,차대사람 - 기타,안전운전불이행,포장 - 건조,맑음,단일로 - 기타,승용,남,63세,상해없음,보행자,남,8세,중상
6627,2019120800100392,2019년 12월 8일 18시,일요일,부산광역시 동래구 온천동,경상사고,0,0,1,0,차대사람 - 길가장자리구역통행중,안전운전불이행,포장 - 건조,맑음,단일로 - 기타,승용,남,33세,상해없음,보행자,남,36세,경상
6628,2019120800100393,2019년 12월 8일 18시,일요일,부산광역시 부산진구 개금동,경상사고,0,0,1,0,차대사람 - 기타,안전운전불이행,포장 - 건조,맑음,단일로 - 기타,승용,남,72세,상해없음,보행자,여,48세,경상
6629,2019120800100449,2019년 12월 8일 20시,일요일,부산광역시 사하구 하단동,경상사고,0,0,1,0,차대사람 - 횡단중,신호위반,포장 - 건조,맑음,기타 - 기타,이륜,남,26세,상해없음,보행자,여,71세,경상
6630,2019120900100107,2019년 12월 9일 07시,월요일,부산광역시 동래구 낙민동,중상사고,0,1,0,0,차대사람 - 횡단중,신호위반,포장 - 건조,맑음,단일로 - 기타,이륜,기타불명,미분류,기타불명,보행자,여,68세,중상
6631,2019120900100139,2019년 12월 9일 08시,월요일,부산광역시 동구 범일동,경상사고,0,0,1,0,차대사람 - 기타,안전운전불이행,포장 - 건조,맑음,단일로 - 기타,승용,여,27세,상해없음,보행자,여,52세,경상
6632,2019120900100141,2019년 12월 9일 08시,월요일,부산광역시 해운대구 재송동,중상사고,0,1,0,0,차대사람 - 차도통행중,안전운전불이행,포장 - 건조,맑음,교차로 - 교차로안,승용,여,37세,상해없음,보행자,남,72세,중상
6633,2019120900100233,2019년 12월 9일 11시,월요일,부산광역시 동구 초량동,부상신고사고,0,0,0,1,차대사람 - 기타,안전운전불이행,포장 - 건조,맑음,단일로 - 기타,기타불명,기타불명,미분류,기타불명,보행자,남,60세,부상신고
6634,2019120900100273,2019년 12월 9일 12시,월요일,부산광역시 서구 아미동2가,중상사고,0,1,0,0,차대사람 - 기타,보행자보호의무위반,포장 - 건조,맑음,교차로 - 교차로부근,화물,남,63세,상해없음,보행자,여,72세,중상
6635,2019120900100334,2019년 12월 9일 14시,월요일,부산광역시 부산진구 연지동,경상사고,0,0,1,0,차대사람 - 횡단중,신호위반,포장 - 건조,맑음,기타 - 기타,승용,남,68세,상해없음,보행자,남,8세,경상
6636,2019120900100377,2019년 12월 9일 15시,월요일,부산광역시 수영구 광안동,중상사고,0,1,0,0,차대사람 - 차도통행중,안전운전불이행,포장 - 건조,맑음,단일로 - 기타,승용,남,47세,상해없음,보행자,남,43세,중상
6637,2019120900100446,2019년 12월 9일 17시,월요일,부산광역시 동구 초량동,경상사고,0,0,1,0,차대사람 - 차도통행중,안전운전불이행,포장 - 건조,맑음,교차로 - 교차로부근,승용,여,53세,상해없음,보행자,남,55세,경상
6638,2019120900100447,2019년 12월 9일 17시,월요일,부산광역시 사하구 당리동,중상사고,0,1,0,0,차대사람 - 횡단중,안전운전불이행,포장 - 건조,맑음,교차로 - 교차로안,승용,여,38세,상해없음,보행자,여,21세,중상
6639,2019120900100493,2019년 12월 9일 18시,월요일,부산광역시 동구 범일동,중상사고,0,1,0,0,차대사람 - 차도통행중,안전운전불이행,포장 - 건조,맑음,교차로 - 교차로안,승용,남,63세,상해없음,보행자,여,49세,중상
6640,2019120900100600,2019년 12월 9일 21시,월요일,부산광역시 금정구 남산동,부상신고사고,0,0,0,1,차대사람 - 기타,안전운전불이행,포장 - 건조,맑음,단일로 - 기타,승합,남,51세,상해없음,보행자,여,59세,부상신고
6641,2019121000100285,2019년 12월 10일 12시,화요일,부산광역시 부산진구 부암동,경상사고,0,0,1,0,차대사람 - 차도통행중,안전운전불이행,포장 - 건조,맑음,단일로 - 기타,화물,남,38세,상해없음,보행자,여,64세,경상
6642,2019121000100334,2019년 12월 10일 14시,화요일,부산광역시 서구 서대신동2가,경상사고,0,0,1,0,차대사람 - 길가장자리구역통행중,안전운전불이행,포장 - 건조,맑음,단일로 - 기타,승용,남,74세,상해없음,보행자,남,77세,경상
6643,2019121000100335,2019년 12월 10일 14시,화요일,부산광역시 남구 대연동,중상사고,0,1,0,0,차대사람 - 기타,안전운전불이행,포장 - 건조,맑음,단일로 - 기타,승용,여,23세,상해없음,보행자,남,8세,중상
6644,2019121000100443,2019년 12월 10일 17시,화요일,부산광역시 영도구 청학동,중상사고,0,1,0,0,차대사람 - 횡단중,신호위반,포장 - 건조,맑음,단일로 - 기타,승용,여,79세,상해없음,보행자,여,68세,중상
6645,2019121000100444,2019년 12월 10일 17시,화요일,부산광역시 해운대구 우동,부상신고사고,0,0,0,1,차대사람 - 기타,안전운전불이행,포장 - 건조,맑음,단일로 - 기타,자전거,남,36세,상해없음,보행자,여,78세,부상신고
6646,2019121000100499,2019년 12월 10일 18시,화요일,부산광역시 중구 광복동1가,중상사고,0,1,0,0,차대사람 - 길가장자리구역통행중,안전운전불이행,포장 - 건조,맑음,단일로 - 기타,화물,남,54세,상해없음,보행자,여,54세,중상
6647,2019121000100500,2019년 12월 10일 18시,화요일,부산광역시 동구 수정동,경상사고,0,0,1,0,차대사람 - 횡단중,보행자보호의무위반,포장 - 건조,맑음,교차로 - 교차로안,승용,남,50세,상해없음,보행자,남,60세,경상
6648,2019121000100501,2019년 12월 10일 18시,화요일,부산광역시 북구 만덕동,경상사고,0,0,1,0,차대사람 - 횡단중,안전운전불이행,포장 - 건조,맑음,교차로 - 교차로부근,승용,여,43세,상해없음,보행자,여,73세,경상
6649,2019121000100502,2019년 12월 10일 18시,화요일,부산광역시 동래구 사직동,경상사고,0,0,1,0,차대사람 - 차도통행중,안전운전불이행,포장 - 건조,맑음,단일로 - 기타,승용,남,61세,상해없음,보행자,여,50세,경상
6650,2019121000100503,2019년 12월 10일 18시,화요일,부산광역시 해운대구 반여동,경상사고,0,0,1,0,차대사람 - 기타,안전운전불이행,포장 - 건조,맑음,단일로 - 기타,승용,남,62세,상해없음,보행자,남,24세,경상
6651,2019121000100607,2019년 12월 10일 20시,화요일,부산광역시 남구 문현동,경상사고,0,0,1,0,차대사람 - 횡단중,보행자보호의무위반,포장 - 건조,맑음,기타 - 기타,승용,남,74세,상해없음,보행자,여,33세,경상
6652,2019121000100647,2019년 12월 10일 21시,화요일,부산광역시 강서구 송정동,사망사고,1,0,0,0,차대사람 - 기타,안전운전불이행,포장 - 건조,맑음,교차로 - 교차로안,화물,남,35세,상해없음,보행자,여,78세,사망
6653,2019121000100692,2019년 12월 10일 23시,화요일,부산광역시 수영구 민락동,부상신고사고,0,0,0,1,차대사람 - 횡단중,안전운전불이행,포장 - 건조,맑음,교차로 - 교차로횡단보도내,승합,남,59세,상해없음,보행자,남,58세,부상신고
6654,2019121100100262,2019년 12월 11일 12시,수요일,부산광역시 동구 초량동,중상사고,0,1,0,0,차대사람 - 기타,안전운전불이행,포장 - 건조,맑음,단일로 - 기타,화물,남,68세,상해없음,보행자,여,65세,중상
6655,2019121100100287,2019년 12월 11일 13시,수요일,부산광역시 금정구 장전동,중상사고,0,1,0,0,차대사람 - 기타,안전운전불이행,포장 - 건조,맑음,단일로 - 기타,승용,여,39세,상해없음,보행자,남,83세,중상
6656,2019121100100343,2019년 12월 11일 15시,수요일,부산광역시 부산진구 범천동,중상사고,0,1,0,0,차대사람 - 차도통행중,안전운전불이행,포장 - 건조,맑음,단일로 - 기타,승용,남,41세,상해없음,보행자,여,62세,중상
6657,2019121100100413,2019년 12월 11일 17시,수요일,부산광역시 북구 화명동,중상사고,0,1,0,0,차대사람 - 횡단중,안전운전불이행,포장 - 건조,맑음,단일로 - 지하차도(도로)내,승용,여,57세,상해없음,보행자,여,53세,중상
6658,2019121100100470,2019년 12월 11일 18시,수요일,부산광역시 사상구 감전동,경상사고,0,0,1,0,차대사람 - 길가장자리구역통행중,안전운전불이행,포장 - 건조,맑음,단일로 - 기타,화물,남,51세,상해없음,보행자,여,72세,경상
6659,2019121100100471,2019년 12월 11일 18시,수요일,부산광역시 사상구 학장동,중상사고,0,1,0,0,차대사람 - 횡단중,보행자보호의무위반,포장 - 건조,맑음,교차로 - 교차로안,승용,여,37세,상해없음,보행자,여,79세,중상
6660,2019121100100527,2019년 12월 11일 19시,수요일,부산광역시 부산진구 부전동,중상사고,0,1,0,0,차대사람 - 기타,안전운전불이행,포장 - 건조,맑음,단일로 - 기타,승용,남,19세,상해없음,보행자,남,38세,중상
6661,2019121100100528,2019년 12월 11일 19시,수요일,부산광역시 금정구 부곡동,부상신고사고,0,0,0,1,차대사람 - 기타,안전운전불이행,포장 - 건조,맑음,기타 - 기타,이륜,남,36세,상해없음,보행자,남,62세,부상신고