,사고번호,사고일시,요일,시군구,사고내용,사망자수,중상자수,경상자수,부상신고자수,사고유형,법규위반,노면상태,기상상태,도로형태,가해운전자 차종,가해운전자 성별,가해운전자 연령,가해운전자 상해정도,피해운전자 차종,피해운전자 성별,피해운전자 연령,피해운전자 상해정도
7450,2020031800100376,2020년 3월 18일 18시,수요일,부산광역시 동래구 온천동,경상사고,0,0,1,0,차대사람 - 횡단중,보행자보호의무위반,포장 - 건조,맑음,교차로 - 교차로부근,승용,남,53세,상해없음,보행자,여,40세,경상
7451,2020031800100413,2020년 3월 18일 19시,수요일,부산광역시 연제구 연산동,경상사고,0,0,1,0,차대사람 - 기타,안전운전불이행,포장 - 건조,맑음,교차로 - 교차로안,승용,남,45세,상해없음,보행자,남,42세,경상
7452,2020031900100070,2020년 3월 19일 08시,목요일,부산광역시 부산진구 양정동,중상사고,0,1,0,0,차대사람 - 횡단중,안전운전불이행,포장 - 건조,맑음,교차로 - 교차로횡단보도내,화물,남,55세,상해없음,보행자,여,70세,중상
7453,2020031900100126,2020년 3월 19일 11시,목요일,부산광역시 남구 대연동,중상사고,0,1,0,0,차대사람 - 기타,안전운전불이행,포장 - 건조,맑음,단일로 - 기타,화물,남,59세,상해없음,보행자,여,78세,중상
7454,2020031900100288,2020년 3월 19일 17시,목요일,부산광역시 북구 구포동,경상사고,0,0,1,0,차대사람 - 보도통행중,안전운전불이행,포장 - 건조,맑음,단일로 - 기타,승용,남,57세,상해없음,보행자,남,21세,경상
7455,2020032000100098,2020년 3월 20일 08시,금요일,부산광역시 사상구 학장동,중상사고,0,1,1,0,차대사람 - 횡단중,안전운전불이행,포장 - 건조,맑음,단일로 - 기타,이륜,남,29세,경상,보행자,여,69세,중상
7456,2020032000100481,2020년 3월 20일 19시,금요일,부산광역시 서구 아미동1가,부상신고사고,0,0,0,1,차대사람 - 길가장자리구역통행중,안전운전불이행,포장 - 건조,맑음,단일로 - 기타,이륜,기타불명,미분류,기타불명,보행자,여,50세,부상신고
7457,2020032000100483,2020년 3월 20일 19시,금요일,부산광역시 영도구 대교동2가,경상사고,0,0,1,0,차대사람 - 길가장자리구역통행중,안전운전불이행,포장 - 건조,맑음,단일로 - 기타,화물,남,50세,상해없음,보행자,남,55세,경상
7458,2020032100100073,2020년 3월 21일 06시,토요일,부산광역시 남구 문현동,경상사고,0,0,1,0,차대사람 - 보도통행중,보행자보호의무위반,포장 - 건조,맑음,단일로 - 기타,승용,남,66세,상해없음,보행자,남,28세,경상
7459,2020032100100137,2020년 3월 21일 10시,토요일,부산광역시 북구 덕천동,경상사고,0,0,1,0,차대사람 - 기타,안전운전불이행,포장 - 건조,맑음,단일로 - 기타,승용,남,56세,상해없음,보행자,남,58세,경상
7460,2020032100100234,2020년 3월 21일 13시,토요일,부산광역시 해운대구 재송동,경상사고,0,0,1,0,차대사람 - 기타,안전운전불이행,포장 - 건조,맑음,단일로 - 기타,승용,여,50세,상해없음,보행자,남,31세,경상
7461,2020032100100278,2020년 3월 21일 14시,토요일,부산광역시 해운대구 좌동,경상사고,0,0,1,0,차대사람 - 보도통행중,보행자보호의무위반,포장 - 건조,맑음,교차로 - 교차로부근,승용,남,53세,상해없음,보행자,남,53세,경상
7462,2020032100100315,2020년 3월 21일 15시,토요일,부산광역시 기장군 정관읍,경상사고,0,0,1,0,차대사람 - 기타,안전운전불이행,포장 - 건조,맑음,기타 - 기타,자전거,남,10세,상해없음,보행자,남,56세,경상
7463,2020032100100447,2020년 3월 21일 19시,토요일,부산광역시 기장군 일광면,중상사고,0,1,0,0,차대사람 - 기타,안전운전불이행,포장 - 건조,기타,단일로 - 기타,승합,남,36세,상해없음,보행자,남,77세,중상
7464,2020032100100500,2020년 3월 21일 21시,토요일,부산광역시 연제구 연산동,중상사고,0,2,0,0,차대사람 - 횡단중,신호위반,포장 - 건조,맑음,교차로 - 교차로횡단보도내,이륜,남,63세,상해없음,보행자,여,49세,중상
7465,2020032100100528,2020년 3월 21일 22시,토요일,부산광역시 연제구 연산동,부상신고사고,0,0,0,1,차대사람 - 횡단중,신호위반,포장 - 건조,맑음,단일로 - 기타,이륜,남,24세,기타불명,보행자,여,17세,부상신고
7466,2020032200100010,2020년 3월 22일 00시,일요일,부산광역시 사하구 다대동,중상사고,0,1,0,0,차대사람 - 기타,안전운전불이행,포장 - 건조,흐림,기타 - 기타,기타불명,기타불명,미분류,기타불명,보행자,남,65세,중상
7467,2020032200100027,2020년 3월 22일 01시,일요일,부산광역시 부산진구 개금동,경상사고,0,0,1,0,차대사람 - 기타,보행자보호의무위반,포장 - 건조,맑음,교차로 - 교차로안,승용,남,63세,상해없음,보행자,여,50세,경상
7468,2020032200100056,2020년 3월 22일 04시,일요일,부산광역시 북구 만덕동,중상사고,0,1,0,0,차대사람 - 횡단중,안전운전불이행,포장 - 건조,맑음,단일로 - 지하차도(도로)내,승용,남,33세,상해없음,보행자,남,24세,중상
7469,2020032200100195,2020년 3월 22일 14시,일요일,부산광역시 동래구 온천동,경상사고,0,0,2,0,차대사람 - 횡단중,보행자보호의무위반,포장 - 건조,맑음,교차로 - 교차로부근,승용,남,65세,상해없음,보행자,여,73세,경상
7470,2020032200100218,2020년 3월 22일 15시,일요일,부산광역시 연제구 연산동,경상사고,0,0,1,0,차대사람 - 기타,안전운전불이행,포장 - 건조,맑음,단일로 - 기타,개인형이동수단(PM),남,20세,상해없음,보행자,남,12세,경상
7471,2020032200100316,2020년 3월 22일 19시,일요일,부산광역시 해운대구 우동,경상사고,0,0,1,0,차대사람 - 횡단중,신호위반,포장 - 건조,맑음,교차로 - 교차로횡단보도내,이륜,남,19세,상해없음,보행자,남,32세,경상
7472,2020032300100153,2020년 3월 23일 10시,월요일,부산광역시 연제구 연산동,경상사고,0,0,1,0,차대사람 - 기타,안전운전불이행,포장 - 건조,맑음,단일로 - 기타,승용,여,37세,상해없음,보행자,여,56세,경상
7473,2020032300100191,2020년 3월 23일 11시,월요일,부산광역시 연제구 연산동,중상사고,0,1,0,0,차대사람 - 기타,신호위반,포장 - 건조,맑음,교차로 - 교차로안,승용,여,66세,상해없음,보행자,여,73세,중상
7474,2020032300100250,2020년 3월 23일 13시,월요일,부산광역시 영도구 대교동1가,경상사고,0,0,1,0,차대사람 - 횡단중,보행자보호의무위반,포장 - 건조,맑음,단일로 - 기타,화물,남,64세,상해없음,보행자,여,60세,경상
7475,2020032300100311,2020년 3월 23일 15시,월요일,부산광역시 사상구 덕포동,경상사고,0,0,1,0,차대사람 - 길가장자리구역통행중,안전운전불이행,포장 - 건조,맑음,미분류 - 미분류,승용,남,48세,상해없음,보행자,여,59세,경상
7476,2020032300100520,2020년 3월 23일 21시,월요일,부산광역시 동래구 안락동,중상사고,0,1,0,0,차대사람 - 횡단중,보행자보호의무위반,포장 - 건조,맑음,교차로 - 교차로횡단보도내,승용,남,33세,상해없음,보행자,여,52세,중상
7477,2020032400100016,2020년 3월 24일 01시,화요일,부산광역시 수영구 광안동,경상사고,0,0,1,0,차대사람 - 기타,기타,포장 - 건조,맑음,교차로 - 교차로안,승용,남,52세,상해없음,보행자,남,36세,경상
7478,2020032400100115,2020년 3월 24일 09시,화요일,부산광역시 부산진구 개금동,중상사고,0,1,0,0,차대사람 - 횡단중,안전운전불이행,포장 - 건조,맑음,교차로 - 교차로횡단보도내,승용,여,46세,상해없음,보행자,남,62세,중상
7479,2020032400100144,2020년 3월 24일 10시,화요일,부산광역시 연제구 연산동,경상사고,0,0,1,0,차대사람 - 길가장자리구역통행중,안전운전불이행,포장 - 건조,맑음,교차로 - 교차로부근,승용,남,68세,상해없음,보행자,여,70세,경상
7480,2020032400100177,2020년 3월 24일 11시,화요일,부산광역시 동래구 명장동,부상신고사고,0,0,0,1,차대사람 - 횡단중,안전운전불이행,포장 - 건조,맑음,단일로 - 기타,승용,남,64세,상해없음,보행자,남,75세,부상신고
7481,2020032400100374,2020년 3월 24일 17시,화요일,부산광역시 남구 문현동,중상사고,0,1,0,0,차대사람 - 기타,안전운전불이행,포장 - 건조,맑음,단일로 - 기타,승용,남,39세,상해없음,보행자,여,81세,중상
7482,2020032400100509,2020년 3월 24일 21시,화요일,부산광역시 동래구 온천동,중상사고,0,1,0,0,차대사람 - 횡단중,안전운전불이행,포장 - 건조,맑음,단일로 - 기타,승용,남,44세,상해없음,보행자,남,62세,중상
7483,2020032500100042,2020년 3월 25일 06시,수요일,부산광역시 사하구 하단동,경상사고,0,0,1,0,차대사람 - 횡단중,안전운전불이행,포장 - 건조,맑음,단일로 - 기타,승용,남,33세,상해없음,보행자,남,60세,경상
7484,2020032500100134,2020년 3월 25일 10시,수요일,부산광역시 서구 서대신동3가,경상사고,0,0,1,0,차대사람 - 길가장자리구역통행중,안전운전불이행,포장 - 건조,맑음,단일로 - 기타,승용,여,61세,상해없음,보행자,여,48세,경상
7485,2020032500100166,2020년 3월 25일 11시,수요일,부산광역시 수영구 민락동,경상사고,0,0,1,0,차대사람 - 기타,안전운전불이행,포장 - 건조,맑음,단일로 - 기타,승용,남,42세,상해없음,보행자,남,53세,경상
7486,2020032500100336,2020년 3월 25일 16시,수요일,부산광역시 북구 덕천동,중상사고,0,1,0,0,차대사람 - 기타,기타,포장 - 건조,맑음,단일로 - 기타,승용,남,67세,상해없음,보행자,여,70세,중상
7487,2020032500100370,2020년 3월 25일 17시,수요일,부산광역시 사하구 당리동,중상사고,0,1,0,0,차대사람 - 횡단중,안전운전불이행,포장 - 건조,맑음,단일로 - 기타,원동기,남,27세,상해없음,보행자,남,19세,중상
7488,2020032500100409,2020년 3월 25일 18시,수요일,부산광역시 부산진구 부전동,중상사고,0,1,0,0,차대사람 - 횡단중,신호위반,포장 - 건조,맑음,단일로 - 기타,승용,남,63세,상해없음,보행자,남,66세,중상
7489,2020032600100066,2020년 3월 26일 07시,목요일,부산광역시 북구 덕천동,경상사고,0,0,1,0,차대사람 - 횡단중,보행자보호의무위반,포장 - 건조,맑음,교차로 - 교차로횡단보도내,승용,남,48세,상해없음,보행자,여,67세,경상
7490,2020032600100185,2020년 3월 26일 12시,목요일,부산광역시 사하구 하단동,경상사고,0,0,1,0,차대사람 - 기타,안전운전불이행,포장 - 젖음/습기,비,단일로 - 기타,승용,여,52세,상해없음,보행자,남,32세,경상
7491,2020032600100235,2020년 3월 26일 14시,목요일,부산광역시 해운대구 중동,경상사고,0,0,1,0,차대사람 - 횡단중,보행자보호의무위반,포장 - 젖음/습기,비,교차로 - 교차로횡단보도내,승용,여,59세,상해없음,보행자,여,58세,경상
7492,2020032600100311,2020년 3월 26일 17시,목요일,부산광역시 남구 용호동,중상사고,0,1,0,0,차대사람 - 기타,안전운전불이행,포장 - 젖음/습기,비,단일로 - 기타,승용,남,29세,상해없음,보행자,남,63세,중상
7493,2020032600100346,2020년 3월 26일 18시,목요일,부산광역시 북구 덕천동,경상사고,0,0,1,0,차대사람 - 횡단중,안전운전불이행,포장 - 건조,맑음,단일로 - 기타,화물,남,47세,상해없음,보행자,남,33세,경상
7494,2020032600100389,2020년 3월 26일 19시,목요일,부산광역시 해운대구 우동,경상사고,0,0,1,0,차대사람 - 기타,안전운전불이행,포장 - 젖음/습기,비,교차로 - 교차로부근,승용,남,52세,상해없음,보행자,여,63세,경상
7495,2020032600100390,2020년 3월 26일 19시,목요일,부산광역시 사상구 학장동,경상사고,0,0,1,0,차대사람 - 횡단중,보행자보호의무위반,포장 - 젖음/습기,비,교차로 - 교차로횡단보도내,화물,남,51세,상해없음,보행자,남,53세,경상
7496,2020032600100431,2020년 3월 26일 20시,목요일,부산광역시 북구 덕천동,중상사고,0,1,0,0,차대사람 - 차도통행중,안전운전불이행,포장 - 젖음/습기,비,교차로 - 교차로안,승용,남,53세,상해없음,보행자,여,81세,중상
7497,2020032600100471,2020년 3월 26일 21시,목요일,부산광역시 서구 동대신동1가,중상사고,0,1,0,0,차대사람 - 횡단중,안전운전불이행,포장 - 젖음/습기,비,교차로 - 교차로부근,승용,남,55세,상해없음,보행자,여,39세,중상
7498,2020032600100474,2020년 3월 26일 21시,목요일,부산광역시 부산진구 부전동,중상사고,0,1,0,0,차대사람 - 횡단중,신호위반,포장 - 젖음/습기,비,단일로 - 기타,승용,여,29세,상해없음,보행자,여,24세,중상
7499,2020032700100005,2020년 3월 27일 00시,금요일,부산광역시 강서구 명지동,중상사고,0,1,0,0,차대사람 - 횡단중,신호위반,포장 - 젖음/습기,비,교차로 - 교차로안,승용,남,69세,상해없음,보행자,남,57세,중상
7500,2020032700100070,2020년 3월 27일 06시,금요일,부산광역시 사상구 덕포동,중상사고,0,1,0,0,차대사람 - 기타,안전운전불이행,포장 - 젖음/습기,비,기타 - 기타,승용,남,51세,상해없음,보행자,여,75세,중상
7501,2020032700100283,2020년 3월 27일 15시,금요일,부산광역시 동래구 수안동,중상사고,0,1,0,0,차대사람 - 기타,안전운전불이행,포장 - 젖음/습기,비,단일로 - 기타,자전거,여,26세,상해없음,보행자,여,76세,중상
7502,2020032700100312,2020년 3월 27일 16시,금요일,부산광역시 해운대구 재송동,경상사고,0,0,1,0,차대사람 - 길가장자리구역통행중,중앙선침범,포장 - 건조,맑음,교차로 - 교차로부근,화물,남,54세,상해없음,보행자,남,44세,경상
7503,2020032700100399,2020년 3월 27일 18시,금요일,부산광역시 부산진구 범천동,중상사고,0,1,0,0,차대사람 - 기타,안전운전불이행,포장 - 건조,맑음,교차로 - 교차로부근,승용,여,38세,상해없음,보행자,여,73세,중상
7504,2020032700100522,2020년 3월 27일 21시,금요일,부산광역시 사상구 주례동,경상사고,0,0,1,0,차대사람 - 횡단중,안전운전불이행,포장 - 젖음/습기,비,단일로 - 기타,이륜,남,19세,상해없음,보행자,남,42세,경상
7505,2020032700100580,2020년 3월 27일 23시,금요일,부산광역시 서구 남부민동,사망사고,1,0,0,0,차대사람 - 횡단중,보행자보호의무위반,포장 - 젖음/습기,비,단일로 - 기타,승합,남,59세,상해없음,보행자,남,73세,사망
7506,2020032700100581,2020년 3월 27일 23시,금요일,부산광역시 동래구 사직동,중상사고,0,1,0,0,차대사람 - 횡단중,안전운전불이행,포장 - 젖음/습기,비,단일로 - 기타,원동기,남,29세,상해없음,보행자,남,18세,중상
7507,2020032700100582,2020년 3월 27일 23시,금요일,부산광역시 사하구 다대동,경상사고,0,0,1,0,차대사람 - 횡단중,안전운전불이행,포장 - 건조,흐림,단일로 - 지하차도(도로)내,승용,남,64세,상해없음,보행자,남,54세,경상
7508,2020032800100058,2020년 3월 28일 05시,토요일,부산광역시 사하구 당리동,부상신고사고,0,0,0,1,차대사람 - 기타,안전운전불이행,포장 - 건조,맑음,교차로 - 교차로부근,승용,여,44세,상해없음,보행자,남,55세,부상신고
7509,2020032800100090,2020년 3월 28일 08시,토요일,부산광역시 사하구 장림동,중상사고,0,1,1,0,차대사람 - 기타,안전운전불이행,포장 - 건조,맑음,기타 - 기타,화물,남,61세,상해없음,보행자,남,69세,경상
7510,2020032800100141,2020년 3월 28일 10시,토요일,부산광역시 사하구 당리동,경상사고,0,0,1,0,차대사람 - 기타,안전운전불이행,포장 - 건조,맑음,단일로 - 지하차도(도로)내,승용,남,58세,상해없음,보행자,여,77세,경상
7511,2020032800100224,2020년 3월 28일 13시,토요일,부산광역시 북구 덕천동,경상사고,0,0,1,0,차대사람 - 횡단중,보행자보호의무위반,포장 - 건조,맑음,단일로 - 기타,이륜,남,19세,상해없음,보행자,여,40세,경상
7512,2020032800100252,2020년 3월 28일 14시,토요일,부산광역시 부산진구 개금동,중상사고,0,2,1,0,차대사람 - 길가장자리구역통행중,안전운전불이행,포장 - 건조,맑음,단일로 - 기타,승용,남,59세,상해없음,보행자,여,67세,경상
7513,2020032800100461,2020년 3월 28일 21시,토요일,부산광역시 부산진구 전포동,경상사고,0,0,1,0,차대사람 - 기타,기타,포장 - 건조,맑음,단일로 - 기타,자전거,남,33세,상해없음,보행자,여,28세,경상
7514,2020032900100006,2020년 3월 29일 00시,일요일,부산광역시 연제구 연산동,중상사고,0,1,0,0,차대사람 - 기타,중앙선침범,포장 - 건조,맑음,단일로 - 기타,화물,남,38세,상해없음,보행자,남,29세,중상
7515,2020032900100262,2020년 3월 29일 17시,일요일,부산광역시 기장군 기장읍,중상사고,0,1,0,0,차대사람 - 기타,안전운전불이행,포장 - 기타,맑음,단일로 - 기타,승용,여,69세,상해없음,보행자,남,73세,중상
7516,2020032900100345,2020년 3월 29일 21시,일요일,부산광역시 해운대구 중동,경상사고,0,0,1,0,차대사람 - 횡단중,보행자보호의무위반,포장 - 건조,맑음,단일로 - 기타,승용,남,67세,상해없음,보행자,여,46세,경상
7517,2020033000100072,2020년 3월 30일 08시,월요일,부산광역시 동래구 온천동,경상사고,0,0,1,0,차대사람 - 기타,보행자보호의무위반,포장 - 건조,맑음,교차로 - 교차로안,승용,여,55세,상해없음,보행자,여,55세,경상
7518,2020033000100111,2020년 3월 30일 09시,월요일,부산광역시 동구 좌천동,경상사고,0,0,1,0,차대사람 - 기타,기타,포장 - 건조,맑음,기타 - 기타,기타불명,남,46세,상해없음,보행자,여,91세,경상
7519,2020033000100113,2020년 3월 30일 09시,월요일,부산광역시 사상구 엄궁동,중상사고,0,1,0,0,차대사람 - 기타,안전운전불이행,포장 - 건조,맑음,단일로 - 기타,화물,남,51세,상해없음,보행자,남,23세,중상
7520,2020033000100134,2020년 3월 30일 10시,월요일,부산광역시 중구 대청동2가,중상사고,0,1,0,0,차대사람 - 횡단중,안전운전불이행,포장 - 건조,맑음,단일로 - 기타,승용,남,58세,상해없음,보행자,여,84세,중상
7521,2020033000100197,2020년 3월 30일 12시,월요일,부산광역시 동래구 안락동,경상사고,0,0,1,0,차대사람 - 횡단중,안전운전불이행,포장 - 건조,맑음,교차로 - 교차로횡단보도내,화물,남,35세,상해없음,보행자,여,63세,경상
7522,2020033000100225,2020년 3월 30일 13시,월요일,부산광역시 중구 중앙동6가,중상사고,0,1,0,0,차대사람 - 기타,기타,포장 - 건조,맑음,단일로 - 기타,승합,남,49세,상해없음,보행자,여,86세,중상
7523,2020033000100261,2020년 3월 30일 14시,월요일,부산광역시 남구 용호동,중상사고,0,1,0,0,차대사람 - 횡단중,보행자보호의무위반,포장 - 건조,맑음,기타 - 기타,승용,남,71세,상해없음,보행자,남,76세,중상
7524,2020033000100299,2020년 3월 30일 15시,월요일,부산광역시 남구 감만동,중상사고,0,1,0,0,차대사람 - 기타,안전운전불이행,포장 - 건조,맑음,단일로 - 기타,승용,여,57세,상해없음,보행자,여,62세,중상
7525,2020033000100363,2020년 3월 30일 17시,월요일,부산광역시 북구 화명동,중상사고,0,1,0,0,차대사람 - 기타,안전운전불이행,포장 - 건조,맑음,단일로 - 기타,이륜,남,72세,상해없음,보행자,여,76세,중상
7526,2020033000100476,2020년 3월 30일 20시,월요일,부산광역시 남구 대연동,경상사고,0,0,1,0,차대사람 - 기타,신호위반,포장 - 건조,맑음,단일로 - 기타,이륜,남,18세,상해없음,보행자,남,23세,경상
7527,2020033000100518,2020년 3월 30일 22시,월요일,부산광역시 부산진구 부전동,중상사고,0,1,0,0,차대사람 - 횡단중,안전운전불이행,포장 - 건조,맑음,단일로 - 기타,승용,남,32세,상해없음,보행자,남,62세,중상
7528,2020033100100102,2020년 3월 31일 09시,화요일,부산광역시 수영구 망미동,경상사고,0,0,1,0,차대사람 - 횡단중,보행자보호의무위반,포장 - 건조,맑음,교차로 - 교차로횡단보도내,승용,남,31세,상해없음,보행자,여,12세,경상
7529,2020033100100136,2020년 3월 31일 10시,화요일,부산광역시 해운대구 반송동,경상사고,0,0,1,0,차대사람 - 횡단중,보행자보호의무위반,포장 - 건조,맑음,교차로 - 교차로횡단보도내,화물,남,51세,상해없음,보행자,남,36세,경상
7530,2020033100100177,2020년 3월 31일 11시,화요일,부산광역시 남구 대연동,중상사고,0,1,0,0,차대사람 - 횡단중,보행자보호의무위반,포장 - 건조,맑음,단일로 - 기타,이륜,남,28세,상해없음,보행자,여,69세,중상
7531,2020033100100178,2020년 3월 31일 11시,화요일,부산광역시 강서구 대저2동,중상사고,0,1,0,0,차대사람 - 기타,안전운전불이행,포장 - 건조,맑음,단일로 - 기타,자전거,남,60세,상해없음,보행자,여,67세,중상
7532,2020033100100199,2020년 3월 31일 12시,화요일,부산광역시 연제구 연산동,경상사고,0,0,1,0,차대사람 - 기타,보행자보호의무위반,포장 - 건조,맑음,단일로 - 기타,이륜,남,21세,상해없음,보행자,여,52세,경상
7533,2020033100100228,2020년 3월 31일 13시,화요일,부산광역시 수영구 남천동,경상사고,0,0,1,0,차대사람 - 길가장자리구역통행중,안전운전불이행,포장 - 건조,맑음,단일로 - 기타,화물,남,62세,상해없음,보행자,여,38세,경상
7534,2020033100100261,2020년 3월 31일 14시,화요일,부산광역시 동래구 온천동,중상사고,0,1,0,0,차대사람 - 횡단중,보행자보호의무위반,포장 - 건조,맑음,교차로 - 교차로부근,승용,남,83세,상해없음,보행자,여,59세,중상
7535,2020033100100287,2020년 3월 31일 15시,화요일,부산광역시 남구 용호동,부상신고사고,0,0,0,1,차대사람 - 기타,안전운전불이행,포장 - 건조,맑음,단일로 - 기타,승용,여,33세,상해없음,보행자,남,49세,부상신고
7536,2020033100100371,2020년 3월 31일 17시,화요일,부산광역시 영도구 영선동1가,경상사고,0,0,1,0,차대사람 - 길가장자리구역통행중,안전운전불이행,포장 - 건조,맑음,단일로 - 기타,원동기,남,20세,상해없음,보행자,남,73세,경상
7537,2020033100100431,2020년 3월 31일 19시,화요일,부산광역시 동구 수정동,경상사고,0,0,1,0,차대사람 - 기타,안전운전불이행,포장 - 건조,맑음,단일로 - 기타,승용,남,57세,상해없음,보행자,남,27세,경상
7538,2020033100100463,2020년 3월 31일 20시,화요일,부산광역시 영도구 영선동1가,부상신고사고,0,0,0,1,차대사람 - 횡단중,안전운전불이행,포장 - 건조,맑음,단일로 - 기타,승용,남,38세,상해없음,보행자,남,68세,부상신고
7539,2020033100100487,2020년 3월 31일 21시,화요일,부산광역시 동래구 온천동,중상사고,0,1,0,0,차대사람 - 횡단중,보행자보호의무위반,포장 - 건조,맑음,교차로 - 교차로횡단보도내,기타불명,기타불명,미분류,기타불명,보행자,여,20세,중상
7540,2020033100100488,2020년 3월 31일 21시,화요일,부산광역시 사하구 하단동,경상사고,0,0,1,0,차대사람 - 기타,안전운전불이행,포장 - 건조,맑음,교차로 - 교차로안,승용,남,42세,상해없음,보행자,여,27세,경상
7541,2020040100100018,2020년 4월 1일 01시,수요일,부산광역시 수영구 광안동,중상사고,0,1,0,0,차대사람 - 기타,안전운전불이행,포장 - 건조,맑음,단일로 - 기타,승합,남,59세,상해없음,보행자,남,49세,중상
7542,2020040100100038,2020년 4월 1일 04시,수요일,부산광역시 부산진구 가야동,사망사고,1,0,0,0,차대사람 - 차도통행중,과속,포장 - 젖음/습기,비,단일로 - 기타,승용,남,67세,상해없음,보행자,남,79세,사망
7543,2020040100100280,2020년 4월 1일 15시,수요일,부산광역시 연제구 연산동,중상사고,0,1,0,0,차대사람 - 길가장자리구역통행중,안전운전불이행,포장 - 건조,맑음,단일로 - 기타,화물,남,56세,상해없음,보행자,여,56세,중상
7544,2020040100100479,2020년 4월 1일 21시,수요일,부산광역시 부산진구 부전동,경상사고,0,0,1,0,차대사람 - 횡단중,보행자보호의무위반,포장 - 건조,맑음,교차로 - 교차로부근,승용,남,63세,상해없음,보행자,남,26세,경상
7545,2020040200100065,2020년 4월 2일 07시,목요일,부산광역시 사하구 장림동,경상사고,0,0,1,0,차대사람 - 기타,안전운전불이행,포장 - 건조,맑음,단일로 - 기타,승용,남,26세,상해없음,보행자,남,59세,경상
7546,2020040200100385,2020년 4월 2일 17시,목요일,부산광역시 사상구 덕포동,경상사고,0,0,1,0,차대사람 - 차도통행중,안전운전불이행,포장 - 건조,맑음,단일로 - 기타,승용,남,77세,상해없음,보행자,남,66세,경상
7547,2020040200100464,2020년 4월 2일 19시,목요일,부산광역시 남구 대연동,중상사고,0,1,0,0,차대사람 - 차도통행중,안전운전불이행,포장 - 건조,맑음,단일로 - 기타,승용,여,56세,상해없음,보행자,여,52세,중상
7548,2020040200100466,2020년 4월 2일 19시,목요일,부산광역시 동래구 안락동,부상신고사고,0,0,0,1,차대사람 - 기타,안전운전불이행,포장 - 건조,맑음,교차로 - 교차로부근,승용,여,60세,상해없음,보행자,여,33세,부상신고
7549,2020040200100468,2020년 4월 2일 19시,목요일,부산광역시 사하구 괴정동,중상사고,0,1,0,0,차대사람 - 기타,안전운전불이행,포장 - 건조,맑음,교차로 - 교차로안,승용,남,70세,상해없음,보행자,여,56세,중상
7550,2020040200100506,2020년 4월 2일 20시,목요일,부산광역시 중구 중앙동2가,경상사고,0,0,1,0,차대사람 - 횡단중,안전운전불이행,포장 - 건조,맑음,교차로 - 교차로횡단보도내,승용,남,21세,상해없음,보행자,여,55세,경상
7551,2020040300100013,2020년 4월 3일 02시,금요일,부산광역시 사상구 괘법동,경상사고,0,0,2,0,차대사람 - 횡단중,안전운전불이행,포장 - 건조,맑음,기타 - 기타,승용,남,21세,상해없음,보행자,남,34세,경상
7552,2020040300100104,2020년 4월 3일 09시,금요일,부산광역시 동래구 사직동,경상사고,0,0,1,0,차대사람 - 보도통행중,안전운전불이행,포장 - 건조,맑음,교차로 - 교차로부근,승용,남,61세,상해없음,보행자,여,27세,경상
7553,2020040300100132,2020년 4월 3일 10시,금요일,부산광역시 해운대구 석대동,중상사고,0,1,0,0,차대사람 - 기타,안전운전불이행,포장 - 건조,맑음,기타 - 기타,자전거,남,40세,상해없음,보행자,여,64세,중상
7554,2020040300100215,2020년 4월 3일 13시,금요일,부산광역시 동래구 명륜동,중상사고,0,1,0,0,차대사람 - 횡단중,신호위반,포장 - 건조,맑음,교차로 - 교차로횡단보도내,승용,남,70세,상해없음,보행자,여,60세,중상
7555,2020040300100309,2020년 4월 3일 16시,금요일,부산광역시 남구 대연동,중상사고,0,1,0,0,차대사람 - 기타,교차로운행방법위반,포장 - 건조,맑음,교차로 - 교차로안,화물,남,38세,상해없음,보행자,여,73세,중상
7556,2020040300100312,2020년 4월 3일 16시,금요일,부산광역시 사상구 괘법동,경상사고,0,0,1,0,차대사람 - 길가장자리구역통행중,안전운전불이행,포장 - 건조,맑음,단일로 - 기타,승용,남,64세,상해없음,보행자,남,47세,경상
7557,2020040300100355,2020년 4월 3일 17시,금요일,부산광역시 부산진구 양정동,경상사고,0,0,1,0,차대사람 - 기타,안전운전불이행,포장 - 건조,맑음,단일로 - 기타,자전거,남,27세,상해없음,보행자,여,78세,경상
7558,2020040300100452,2020년 4월 3일 19시,금요일,부산광역시 부산진구 개금동,중상사고,0,1,0,0,차대사람 - 횡단중,신호위반,포장 - 건조,맑음,교차로 - 교차로횡단보도내,이륜,남,49세,상해없음,보행자,여,74세,중상
7559,2020040400100070,2020년 4월 4일 06시,토요일,부산광역시 금정구 서동,경상사고,0,0,1,0,차대사람 - 기타,안전운전불이행,포장 - 건조,맑음,교차로 - 교차로안,승용,남,60세,상해없음,보행자,남,74세,경상
7560,2020040400100135,2020년 4월 4일 10시,토요일,부산광역시 수영구 수영동,경상사고,0,0,1,0,차대사람 - 차도통행중,안전운전불이행,포장 - 건조,맑음,단일로 - 기타,승용,여,45세,상해없음,보행자,여,69세,경상
7561,2020040400100237,2020년 4월 4일 13시,토요일,부산광역시 부산진구 양정동,중상사고,0,1,0,0,차대사람 - 기타,안전운전불이행,포장 - 건조,맑음,기타 - 기타,승합,남,47세,상해없음,보행자,여,58세,중상
7562,2020040400100357,2020년 4월 4일 16시,토요일,부산광역시 부산진구 부전동,경상사고,0,0,1,0,차대사람 - 기타,안전운전불이행,포장 - 건조,맑음,단일로 - 기타,승용,남,26세,상해없음,보행자,남,27세,경상