,사고번호,사고일시,요일,시군구,사고내용,사망자수,중상자수,경상자수,부상신고자수,사고유형,법규위반,노면상태,기상상태,도로형태,가해운전자 차종,가해운전자 성별,가해운전자 연령,가해운전자 상해정도,피해운전자 차종,피해운전자 성별,피해운전자 연령,피해운전자 상해정도
9146,2020103000100232,2020년 10월 30일 11시,금요일,부산광역시 금정구 부곡동,중상사고,0,1,0,0,차대사람 - 보도통행중,안전운전불이행,포장 - 건조,맑음,단일로 - 기타,승용,여,56세,상해없음,보행자,여,65세,중상
9147,2020103000100268,2020년 10월 30일 12시,금요일,부산광역시 남구 용호동,경상사고,0,0,1,0,차대사람 - 기타,안전운전불이행,포장 - 건조,맑음,단일로 - 기타,승합,남,43세,상해없음,보행자,남,66세,경상
9148,2020103000100354,2020년 10월 30일 14시,금요일,부산광역시 사하구 감천동,경상사고,0,0,1,0,차대사람 - 차도통행중,안전운전불이행,포장 - 건조,맑음,교차로 - 교차로안,승합,남,71세,상해없음,보행자,여,59세,경상
9149,2020103000100393,2020년 10월 30일 15시,금요일,부산광역시 남구 대연동,중상사고,0,1,0,0,차대사람 - 기타,안전운전불이행,포장 - 건조,맑음,교차로 - 교차로부근,승용,여,25세,상해없음,보행자,여,71세,중상
9150,2020103000100547,2020년 10월 30일 18시,금요일,부산광역시 북구 덕천동,경상사고,0,0,1,0,차대사람 - 보도통행중,기타,포장 - 건조,맑음,단일로 - 지하차도(도로)내,기타불명,기타불명,미분류,기타불명,보행자,여,41세,경상
9151,2020103000100548,2020년 10월 30일 18시,금요일,부산광역시 동래구 온천동,경상사고,0,0,1,0,차대사람 - 기타,안전운전불이행,포장 - 건조,맑음,교차로 - 교차로안,승용,여,24세,상해없음,보행자,남,51세,경상
9152,2020103000100757,2020년 10월 30일 22시,금요일,부산광역시 부산진구 양정동,중상사고,0,1,0,0,차대사람 - 횡단중,안전운전불이행,포장 - 건조,맑음,단일로 - 기타,이륜,남,21세,상해없음,보행자,남,57세,중상
9153,2020103000100791,2020년 10월 30일 23시,금요일,부산광역시 해운대구 재송동,경상사고,0,0,1,0,차대사람 - 횡단중,신호위반,포장 - 건조,맑음,교차로 - 교차로부근,이륜,남,36세,상해없음,보행자,여,69세,경상
9154,2020103100100022,2020년 10월 31일 01시,토요일,부산광역시 금정구 장전동,경상사고,0,0,1,0,차대사람 - 기타,신호위반,포장 - 건조,맑음,기타 - 기타,승용,남,22세,상해없음,보행자,남,19세,경상
9155,2020103100100165,2020년 10월 31일 10시,토요일,부산광역시 동래구 사직동,경상사고,0,0,1,0,차대사람 - 횡단중,신호위반,포장 - 건조,맑음,교차로 - 교차로안,이륜,남,50세,상해없음,보행자,남,5세,경상
9156,2020103100100166,2020년 10월 31일 10시,토요일,부산광역시 연제구 연산동,경상사고,0,0,1,0,차대사람 - 횡단중,보행자보호의무위반,포장 - 건조,맑음,단일로 - 기타,승용,남,57세,기타불명,보행자,남,17세,경상
9157,2020103100100257,2020년 10월 31일 12시,토요일,부산광역시 부산진구 범천동,경상사고,0,0,1,0,차대사람 - 기타,안전운전불이행,포장 - 건조,맑음,단일로 - 기타,이륜,남,40세,상해없음,보행자,여,26세,경상
9158,2020103100100258,2020년 10월 31일 12시,토요일,부산광역시 금정구 부곡동,경상사고,0,0,1,0,차대사람 - 횡단중,안전운전불이행,포장 - 건조,맑음,교차로 - 교차로부근,승용,남,65세,상해없음,보행자,남,50세,경상
9159,2020103100100289,2020년 10월 31일 13시,토요일,부산광역시 동래구 명장동,중상사고,0,1,0,0,차대사람 - 횡단중,안전운전불이행,포장 - 건조,흐림,교차로 - 교차로부근,승용,남,60세,상해없음,보행자,남,54세,중상
9160,2020103100100601,2020년 10월 31일 20시,토요일,부산광역시 수영구 광안동,경상사고,0,0,1,0,차대사람 - 길가장자리구역통행중,안전운전불이행,포장 - 건조,맑음,단일로 - 기타,승용,남,57세,상해없음,보행자,남,33세,경상
9161,2020103100100659,2020년 10월 31일 22시,토요일,부산광역시 기장군 일광면,경상사고,0,0,1,0,차대사람 - 길가장자리구역통행중,안전운전불이행,포장 - 건조,맑음,단일로 - 기타,기타불명,기타불명,미분류,기타불명,보행자,여,25세,경상
9162,2020103100100692,2020년 10월 31일 23시,토요일,부산광역시 북구 덕천동,중상사고,0,1,0,0,차대사람 - 기타,보행자보호의무위반,포장 - 건조,맑음,단일로 - 기타,승용,남,33세,상해없음,보행자,여,26세,중상
9163,2020110100100169,2020년 11월 1일 12시,일요일,부산광역시 부산진구 양정동,경상사고,0,0,1,0,차대사람 - 횡단중,보행자보호의무위반,포장 - 건조,맑음,단일로 - 기타,승용,남,65세,상해없음,보행자,여,33세,경상
9164,2020110100100171,2020년 11월 1일 12시,일요일,부산광역시 사상구 모라동,부상신고사고,0,0,0,1,차대사람 - 기타,안전운전불이행,포장 - 건조,맑음,단일로 - 기타,승용,남,59세,상해없음,보행자,남,77세,부상신고
9165,2020110100100338,2020년 11월 1일 17시,일요일,부산광역시 수영구 광안동,중상사고,0,1,0,0,차대사람 - 기타,안전운전불이행,포장 - 건조,맑음,교차로 - 교차로부근,승용,남,68세,상해없음,보행자,여,70세,중상
9166,2020110100100455,2020년 11월 1일 20시,일요일,부산광역시 북구 덕천동,경상사고,0,0,1,0,차대사람 - 횡단중,신호위반,포장 - 건조,맑음,단일로 - 기타,원동기,남,20세,상해없음,보행자,여,52세,경상
9167,2020110200100013,2020년 11월 2일 01시,월요일,부산광역시 사하구 하단동,중상사고,0,1,0,0,차대사람 - 횡단중,신호위반,포장 - 젖음/습기,비,단일로 - 기타,이륜,남,32세,상해없음,보행자,남,65세,중상
9168,2020110200100037,2020년 11월 2일 05시,월요일,부산광역시 해운대구 반송동,중상사고,0,1,0,0,차대사람 - 기타,안전운전불이행,포장 - 젖음/습기,비,단일로 - 기타,승용,여,51세,상해없음,보행자,남,32세,중상
9169,2020110200100105,2020년 11월 2일 08시,월요일,부산광역시 연제구 연산동,경상사고,0,0,1,0,차대사람 - 길가장자리구역통행중,안전운전불이행,포장 - 젖음/습기,흐림,단일로 - 기타,승용,여,49세,상해없음,보행자,여,70세,경상
9170,2020110200100142,2020년 11월 2일 09시,월요일,부산광역시 서구 서대신동3가,경상사고,0,0,1,0,차대사람 - 횡단중,안전운전불이행,포장 - 건조,맑음,단일로 - 기타,화물,남,36세,상해없음,보행자,여,82세,경상
9171,2020110200100283,2020년 11월 2일 13시,월요일,부산광역시 부산진구 양정동,부상신고사고,0,0,0,1,차대사람 - 차도통행중,안전운전불이행,포장 - 건조,맑음,교차로 - 교차로안,화물,남,53세,상해없음,보행자,여,67세,부상신고
9172,2020110200100284,2020년 11월 2일 13시,월요일,부산광역시 금정구 서동,경상사고,0,0,1,0,차대사람 - 길가장자리구역통행중,안전운전불이행,포장 - 건조,맑음,단일로 - 기타,승용,남,65세,상해없음,보행자,여,64세,경상
9173,2020110200100315,2020년 11월 2일 14시,월요일,부산광역시 사하구 하단동,경상사고,0,0,1,0,차대사람 - 횡단중,안전운전불이행,포장 - 건조,맑음,교차로 - 교차로부근,승용,여,58세,상해없음,보행자,여,83세,경상
9174,2020110200100316,2020년 11월 2일 14시,월요일,부산광역시 수영구 수영동,경상사고,0,0,2,0,차대사람 - 기타,안전운전불이행,포장 - 건조,맑음,단일로 - 기타,승용,여,50세,상해없음,보행자,여,80세,경상
9175,2020110200100317,2020년 11월 2일 14시,월요일,부산광역시 수영구 수영동,경상사고,0,0,1,0,차대사람 - 보도통행중,기타,포장 - 건조,맑음,기타 - 기타,이륜,남,52세,상해없음,보행자,남,46세,경상
9176,2020110200100318,2020년 11월 2일 14시,월요일,부산광역시 강서구 명지동,경상사고,0,0,1,0,차대사람 - 기타,안전운전불이행,포장 - 건조,맑음,교차로 - 교차로안,승용,여,52세,상해없음,보행자,남,9세,경상
9177,2020110200100352,2020년 11월 2일 15시,월요일,부산광역시 동래구 온천동,중상사고,0,1,0,0,차대사람 - 횡단중,보행자보호의무위반,포장 - 건조,맑음,단일로 - 기타,화물,남,45세,상해없음,보행자,남,75세,중상
9178,2020110200100353,2020년 11월 2일 15시,월요일,부산광역시 사하구 하단동,경상사고,0,0,1,0,차대사람 - 횡단중,기타,포장 - 건조,맑음,단일로 - 기타,화물,남,54세,상해없음,보행자,여,10세,경상
9179,2020110200100479,2020년 11월 2일 18시,월요일,부산광역시 북구 덕천동,부상신고사고,0,0,0,1,차대사람 - 기타,보행자보호의무위반,포장 - 건조,맑음,교차로 - 교차로안,원동기,남,21세,상해없음,보행자,남,66세,부상신고
9180,2020110200100622,2020년 11월 2일 21시,월요일,부산광역시 동래구 사직동,경상사고,0,0,1,0,차대사람 - 보도통행중,기타,포장 - 건조,맑음,단일로 - 기타,개인형이동수단(PM),남,16세,상해없음,보행자,남,8세,경상
9181,2020110300100204,2020년 11월 3일 10시,화요일,부산광역시 금정구 서동,경상사고,0,0,1,0,차대사람 - 길가장자리구역통행중,보행자보호의무위반,포장 - 건조,맑음,단일로 - 기타,승용,여,53세,상해없음,보행자,남,65세,경상
9182,2020110300100233,2020년 11월 3일 11시,화요일,부산광역시 동구 수정동,중상사고,0,1,0,0,차대사람 - 기타,안전운전불이행,포장 - 건조,맑음,단일로 - 기타,승용,남,69세,상해없음,보행자,남,54세,중상
9183,2020110300100411,2020년 11월 3일 16시,화요일,부산광역시 사상구 덕포동,경상사고,0,0,1,0,차대사람 - 횡단중,안전운전불이행,포장 - 건조,맑음,교차로 - 교차로부근,승용,남,42세,상해없음,보행자,남,20세,경상
9184,2020110300100456,2020년 11월 3일 17시,화요일,부산광역시 금정구 금사동,중상사고,0,1,0,0,차대사람 - 기타,신호위반,포장 - 건조,맑음,교차로 - 교차로안,승용,남,44세,상해없음,보행자,남,46세,중상
9185,2020110300100458,2020년 11월 3일 17시,화요일,부산광역시 기장군 기장읍,경상사고,0,0,1,0,차대사람 - 기타,안전운전불이행,포장 - 건조,맑음,단일로 - 기타,화물,남,63세,상해없음,보행자,남,45세,경상
9186,2020110300100660,2020년 11월 3일 22시,화요일,부산광역시 동구 초량동,중상사고,0,1,0,0,차대사람 - 차도통행중,안전운전불이행,포장 - 건조,맑음,단일로 - 기타,승용,여,27세,상해없음,보행자,남,66세,중상
9187,2020110400100160,2020년 11월 4일 09시,수요일,부산광역시 동구 수정동,중상사고,0,1,0,0,차대사람 - 횡단중,보행자보호의무위반,포장 - 건조,맑음,단일로 - 기타,승용,여,52세,상해없음,보행자,여,62세,중상
9188,2020110400100161,2020년 11월 4일 09시,수요일,부산광역시 서구 서대신동2가,경상사고,0,0,1,0,차대사람 - 길가장자리구역통행중,기타,포장 - 건조,맑음,교차로 - 교차로부근,승용,남,69세,상해없음,보행자,여,66세,경상
9189,2020110400100163,2020년 11월 4일 09시,수요일,부산광역시 영도구 청학동,경상사고,0,0,1,0,차대사람 - 기타,안전운전불이행,포장 - 건조,맑음,교차로 - 교차로안,승용,남,57세,상해없음,보행자,남,24세,경상
9190,2020110400100242,2020년 11월 4일 11시,수요일,부산광역시 사상구 학장동,중상사고,0,1,0,0,차대사람 - 횡단중,보행자보호의무위반,포장 - 건조,맑음,교차로 - 교차로횡단보도내,승용,남,37세,상해없음,보행자,여,78세,중상
9191,2020110400100287,2020년 11월 4일 12시,수요일,부산광역시 부산진구 전포동,중상사고,0,1,0,0,차대사람 - 보도통행중,안전운전불이행,포장 - 건조,맑음,기타 - 기타,자전거,남,73세,상해없음,보행자,여,58세,중상
9192,2020110400100288,2020년 11월 4일 12시,수요일,부산광역시 사하구 괴정동,중상사고,0,1,0,0,차대사람 - 차도통행중,안전운전불이행,포장 - 건조,맑음,단일로 - 기타,승용,남,65세,상해없음,보행자,여,58세,중상
9193,2020110400100397,2020년 11월 4일 15시,수요일,부산광역시 기장군 기장읍,사망사고,1,0,0,0,차대사람 - 횡단중,안전운전불이행,포장 - 건조,맑음,교차로 - 교차로안,건설기계,남,48세,상해없음,보행자,여,80세,사망
9194,2020110400100429,2020년 11월 4일 16시,수요일,부산광역시 동구 범일동,중상사고,0,1,0,0,차대사람 - 기타,안전운전불이행,포장 - 건조,맑음,단일로 - 기타,기타불명,기타불명,미분류,기타불명,보행자,여,53세,중상
9195,2020110400100480,2020년 11월 4일 17시,수요일,부산광역시 금정구 구서동,경상사고,0,0,1,0,차대사람 - 기타,보행자보호의무위반,포장 - 건조,맑음,교차로 - 교차로부근,승용,여,50세,상해없음,보행자,남,63세,경상
9196,2020110400100531,2020년 11월 4일 18시,수요일,부산광역시 북구 화명동,경상사고,0,0,1,0,차대사람 - 횡단중,신호위반,포장 - 건조,맑음,교차로 - 교차로안,승용,남,28세,상해없음,보행자,남,12세,경상
9197,2020110400100589,2020년 11월 4일 19시,수요일,부산광역시 동구 수정동,중상사고,0,1,0,0,차대사람 - 기타,보행자보호의무위반,포장 - 건조,맑음,단일로 - 기타,승용,남,50세,상해없음,보행자,남,7세,중상
9198,2020110400100590,2020년 11월 4일 19시,수요일,부산광역시 수영구 광안동,경상사고,0,0,1,0,차대사람 - 기타,안전운전불이행,포장 - 건조,맑음,교차로 - 교차로부근,승용,남,23세,상해없음,보행자,남,49세,경상
9199,2020110400100592,2020년 11월 4일 19시,수요일,부산광역시 금정구 서동,경상사고,0,0,1,0,차대사람 - 기타,안전운전불이행,포장 - 건조,맑음,단일로 - 기타,승용,남,63세,상해없음,보행자,여,31세,경상
9200,2020110400100594,2020년 11월 4일 19시,수요일,부산광역시 연제구 연산동,중상사고,0,1,0,0,차대사람 - 횡단중,보행자보호의무위반,포장 - 건조,맑음,교차로 - 교차로횡단보도내,승용,남,60세,상해없음,보행자,남,64세,중상
9201,2020110400100638,2020년 11월 4일 20시,수요일,부산광역시 해운대구 중동,경상사고,0,0,1,0,차대사람 - 차도통행중,안전운전불이행,포장 - 건조,맑음,교차로 - 교차로안,승용,여,62세,상해없음,보행자,남,84세,경상
9202,2020110400100711,2020년 11월 4일 23시,수요일,부산광역시 수영구 수영동,중상사고,0,1,0,0,차대사람 - 차도통행중,과속,포장 - 건조,맑음,단일로 - 기타,이륜,남,27세,상해없음,보행자,여,29세,중상
9203,2020110500100068,2020년 11월 5일 07시,목요일,부산광역시 해운대구 중동,경상사고,0,0,1,0,차대사람 - 횡단중,보행자보호의무위반,포장 - 건조,맑음,단일로 - 기타,승용,여,52세,상해없음,보행자,남,18세,경상
9204,2020110500100174,2020년 11월 5일 10시,목요일,부산광역시 서구 초장동,중상사고,0,1,0,0,차대사람 - 기타,안전운전불이행,포장 - 건조,맑음,단일로 - 기타,승용,여,61세,상해없음,보행자,여,55세,중상
9205,2020110500100177,2020년 11월 5일 10시,목요일,부산광역시 사상구 학장동,경상사고,0,0,1,0,차대사람 - 기타,안전운전불이행,포장 - 건조,맑음,주차장 - 주차장,화물,남,60세,상해없음,보행자,남,62세,경상
9206,2020110500100325,2020년 11월 5일 15시,목요일,부산광역시 동래구 수안동,경상사고,0,0,1,0,차대사람 - 길가장자리구역통행중,안전운전불이행,포장 - 건조,맑음,교차로 - 교차로부근,승용,남,51세,상해없음,보행자,여,19세,경상
9207,2020110500100395,2020년 11월 5일 17시,목요일,부산광역시 사상구 괘법동,중상사고,0,1,0,0,차대사람 - 횡단중,신호위반,포장 - 건조,맑음,교차로 - 교차로횡단보도내,이륜,남,35세,상해없음,보행자,여,63세,중상
9208,2020110500100455,2020년 11월 5일 18시,목요일,부산광역시 연제구 거제동,경상사고,0,0,1,0,차대사람 - 횡단중,안전운전불이행,포장 - 건조,맑음,단일로 - 기타,기타불명,기타불명,미분류,기타불명,보행자,남,22세,경상
9209,2020110500100569,2020년 11월 5일 20시,목요일,부산광역시 해운대구 반여동,중상사고,0,1,0,0,차대사람 - 기타,안전운전불이행,포장 - 건조,맑음,단일로 - 기타,승합,남,56세,상해없음,보행자,여,76세,중상
9210,2020110500100631,2020년 11월 5일 22시,목요일,부산광역시 부산진구 부전동,경상사고,0,0,1,0,차대사람 - 길가장자리구역통행중,안전운전불이행,포장 - 건조,맑음,교차로 - 교차로안,승용,여,24세,상해없음,보행자,남,27세,경상
9211,2020110600100019,2020년 11월 6일 01시,금요일,부산광역시 부산진구 부전동,경상사고,0,0,1,0,차대사람 - 횡단중,신호위반,포장 - 건조,맑음,교차로 - 교차로부근,승용,남,62세,상해없음,보행자,남,45세,경상
9212,2020110600100153,2020년 11월 6일 10시,금요일,부산광역시 부산진구 부전동,경상사고,0,0,1,0,차대사람 - 기타,기타,포장 - 건조,맑음,교차로 - 교차로부근,승용,남,75세,기타불명,보행자,남,51세,경상
9213,2020110600100209,2020년 11월 6일 12시,금요일,부산광역시 금정구 장전동,경상사고,0,0,1,0,차대사람 - 기타,신호위반,포장 - 건조,맑음,교차로 - 교차로부근,이륜,남,26세,상해없음,보행자,남,7세,경상
9214,2020110600100295,2020년 11월 6일 15시,금요일,부산광역시 서구 남부민동,중상사고,0,1,0,0,차대사람 - 기타,안전운전불이행,포장 - 건조,맑음,단일로 - 기타,승용,남,51세,상해없음,보행자,여,79세,중상
9215,2020110600100296,2020년 11월 6일 15시,금요일,부산광역시 수영구 망미동,경상사고,0,0,1,0,차대사람 - 기타,안전운전불이행,포장 - 건조,맑음,단일로 - 기타,승용,남,27세,상해없음,보행자,남,54세,경상
9216,2020110600100337,2020년 11월 6일 16시,금요일,부산광역시 해운대구 좌동,경상사고,0,0,1,0,차대사람 - 기타,기타,포장 - 건조,맑음,단일로 - 기타,원동기,남,22세,상해없음,보행자,남,3세,경상
9217,2020110600100420,2020년 11월 6일 18시,금요일,부산광역시 북구 만덕동,경상사고,0,0,1,0,차대사람 - 횡단중,안전운전불이행,포장 - 건조,맑음,단일로 - 기타,화물,남,60세,상해없음,보행자,남,24세,경상
9218,2020110600100421,2020년 11월 6일 18시,금요일,부산광역시 동래구 사직동,경상사고,0,0,1,0,차대사람 - 기타,안전운전불이행,포장 - 건조,맑음,단일로 - 기타,승용,남,45세,상해없음,보행자,여,24세,경상
9219,2020110600100501,2020년 11월 6일 19시,금요일,부산광역시 부산진구 부전동,중상사고,0,1,0,0,차대사람 - 기타,안전운전불이행,포장 - 건조,맑음,단일로 - 기타,승합,남,42세,상해없음,보행자,남,66세,중상
9220,2020110600100635,2020년 11월 6일 23시,금요일,부산광역시 수영구 광안동,경상사고,0,0,1,0,차대사람 - 기타,안전운전불이행,포장 - 건조,맑음,단일로 - 기타,화물,남,62세,상해없음,보행자,남,39세,경상
9221,2020110600100636,2020년 11월 6일 23시,금요일,부산광역시 영도구 대평동1가,경상사고,0,0,1,0,차대사람 - 기타,안전운전불이행,포장 - 건조,맑음,단일로 - 기타,승용,여,35세,상해없음,보행자,남,48세,경상
9222,2020110700100273,2020년 11월 7일 13시,토요일,부산광역시 강서구 명지동,경상사고,0,0,1,0,차대사람 - 횡단중,신호위반,포장 - 건조,맑음,교차로 - 교차로안,승용,여,68세,상해없음,보행자,여,28세,상해없음
9223,2020110700100305,2020년 11월 7일 14시,토요일,부산광역시 동래구 사직동,중상사고,0,1,0,0,차대사람 - 횡단중,보행자보호의무위반,포장 - 건조,맑음,단일로 - 기타,승용,남,73세,상해없음,보행자,남,52세,중상
9224,2020110700100306,2020년 11월 7일 14시,토요일,부산광역시 사하구 당리동,경상사고,0,0,1,0,차대사람 - 기타,안전운전불이행,포장 - 건조,맑음,단일로 - 지하차도(도로)내,승합,남,58세,상해없음,보행자,여,56세,경상
9225,2020110700100307,2020년 11월 7일 14시,토요일,부산광역시 사상구 주례동,부상신고사고,0,0,0,1,차대사람 - 기타,보행자보호의무위반,포장 - 건조,맑음,단일로 - 기타,기타불명,기타불명,미분류,기타불명,보행자,여,15세,부상신고
9226,2020110700100444,2020년 11월 7일 17시,토요일,부산광역시 연제구 연산동,경상사고,0,0,1,0,차대사람 - 기타,불법유턴,포장 - 건조,맑음,교차로 - 교차로안,승용,여,50세,상해없음,보행자,남,51세,경상
9227,2020110700100495,2020년 11월 7일 18시,토요일,부산광역시 북구 화명동,경상사고,0,0,1,0,차대사람 - 기타,안전운전불이행,포장 - 건조,맑음,단일로 - 기타,승용,남,49세,상해없음,보행자,여,60세,경상
9228,2020110700100629,2020년 11월 7일 21시,토요일,부산광역시 금정구 부곡동,경상사고,0,0,1,0,차대사람 - 기타,안전운전불이행,포장 - 건조,맑음,기타 - 기타,승용,남,44세,상해없음,보행자,남,25세,경상
9229,2020110800100006,2020년 11월 8일 00시,일요일,부산광역시 사상구 덕포동,경상사고,0,0,1,0,차대사람 - 기타,교차로운행방법위반,포장 - 건조,맑음,교차로 - 교차로안,이륜,남,54세,상해없음,보행자,남,23세,경상
9230,2020110800100059,2020년 11월 8일 04시,일요일,부산광역시 서구 암남동,중상사고,0,1,0,0,차대사람 - 길가장자리구역통행중,안전운전불이행,포장 - 건조,맑음,단일로 - 기타,원동기,남,20세,상해없음,보행자,남,72세,중상
9231,2020110800100471,2020년 11월 8일 19시,일요일,부산광역시 기장군 정관읍,경상사고,0,0,1,0,차대사람 - 횡단중,신호위반,포장 - 건조,맑음,교차로 - 교차로횡단보도내,이륜,남,51세,상해없음,보행자,여,57세,경상
9232,2020110800100557,2020년 11월 8일 23시,일요일,부산광역시 금정구 구서동,중상사고,0,1,0,0,차대사람 - 기타,안전운전불이행,포장 - 건조,맑음,교차로 - 교차로부근,승용,남,62세,상해없음,보행자,남,58세,중상
9233,2020110900100036,2020년 11월 9일 05시,월요일,부산광역시 해운대구 중동,경상사고,0,0,1,0,차대사람 - 기타,안전운전불이행,포장 - 건조,맑음,단일로 - 기타,기타불명,기타불명,미분류,기타불명,보행자,남,25세,경상
9234,2020110900100187,2020년 11월 9일 10시,월요일,부산광역시 중구 대청동4가,경상사고,0,0,1,0,차대사람 - 기타,안전운전불이행,포장 - 건조,맑음,단일로 - 기타,승용,남,49세,상해없음,보행자,남,70세,경상
9235,2020110900100258,2020년 11월 9일 12시,월요일,부산광역시 기장군 기장읍,경상사고,0,0,1,0,차대사람 - 횡단중,보행자보호의무위반,포장 - 건조,맑음,교차로 - 교차로횡단보도내,화물,남,60세,상해없음,보행자,남,65세,경상
9236,2020110900100338,2020년 11월 9일 14시,월요일,부산광역시 부산진구 양정동,경상사고,0,0,1,0,차대사람 - 차도통행중,안전운전불이행,포장 - 건조,맑음,단일로 - 기타,승용,여,62세,상해없음,보행자,여,56세,경상
9237,2020110900100381,2020년 11월 9일 15시,월요일,부산광역시 사상구 감전동,부상신고사고,0,0,0,1,차대사람 - 기타,안전운전불이행,포장 - 건조,맑음,단일로 - 기타,승용,남,43세,상해없음,보행자,남,33세,부상신고
9238,2020110900100485,2020년 11월 9일 17시,월요일,부산광역시 사상구 학장동,중상사고,0,1,0,0,차대사람 - 기타,안전운전불이행,포장 - 건조,맑음,단일로 - 기타,승용,남,61세,상해없음,보행자,남,12세,중상
9239,2020111000100046,2020년 11월 10일 05시,화요일,부산광역시 동구 범일동,중상사고,0,1,0,0,차대사람 - 차도통행중,보행자보호의무위반,포장 - 건조,맑음,단일로 - 기타,승용,남,52세,상해없음,보행자,여,69세,중상
9240,2020111000100047,2020년 11월 10일 05시,화요일,부산광역시 서구 충무동1가,경상사고,0,0,1,0,차대사람 - 보도통행중,기타,포장 - 건조,맑음,교차로 - 교차로부근,기타불명,여,66세,상해없음,보행자,여,70세,경상
9241,2020111000100101,2020년 11월 10일 08시,화요일,부산광역시 남구 용호동,경상사고,0,0,1,0,차대사람 - 기타,안전운전불이행,포장 - 건조,맑음,단일로 - 기타,승용,남,58세,상해없음,보행자,남,60세,경상
9242,2020111000100193,2020년 11월 10일 10시,화요일,부산광역시 연제구 거제동,중상사고,0,1,0,0,차대사람 - 횡단중,안전운전불이행,포장 - 건조,맑음,단일로 - 기타,승용,여,51세,상해없음,보행자,여,82세,중상
9243,2020111000100268,2020년 11월 10일 12시,화요일,부산광역시 동구 초량동,경상사고,0,0,1,0,차대사람 - 길가장자리구역통행중,안전운전불이행,포장 - 건조,맑음,단일로 - 기타,승용,여,57세,상해없음,보행자,여,66세,경상
9244,2020111000100269,2020년 11월 10일 12시,화요일,부산광역시 동구 수정동,경상사고,0,0,1,0,차대사람 - 기타,신호위반,포장 - 건조,맑음,교차로 - 교차로부근,승합,남,41세,상해없음,보행자,여,30세,경상
9245,2020111000100295,2020년 11월 10일 13시,화요일,부산광역시 부산진구 부전동,경상사고,0,0,1,0,차대사람 - 길가장자리구역통행중,안전운전불이행,포장 - 건조,맑음,단일로 - 기타,승용,남,70세,상해없음,보행자,남,78세,경상
9246,2020111000100425,2020년 11월 10일 16시,화요일,부산광역시 해운대구 재송동,중상사고,0,1,0,0,차대사람 - 기타,안전운전불이행,포장 - 건조,맑음,교차로 - 교차로부근,화물,남,27세,상해없음,보행자,여,74세,중상
9247,2020111000100542,2020년 11월 10일 18시,화요일,부산광역시 금정구 구서동,경상사고,0,0,1,0,차대사람 - 보도통행중,보행자보호의무위반,포장 - 건조,맑음,교차로 - 교차로횡단보도내,화물,남,59세,상해없음,보행자,여,67세,경상
9248,2020111000100543,2020년 11월 10일 18시,화요일,부산광역시 사하구 감천동,중상사고,0,1,0,0,차대사람 - 기타,안전운전불이행,포장 - 건조,맑음,단일로 - 지하차도(도로)내,승용,남,47세,상해없음,보행자,여,55세,중상
9249,2020111000100643,2020년 11월 10일 20시,화요일,부산광역시 사하구 하단동,경상사고,0,0,1,0,차대사람 - 횡단중,신호위반,포장 - 건조,맑음,단일로 - 기타,이륜,남,23세,상해없음,보행자,남,28세,경상
9250,2020111000100679,2020년 11월 10일 21시,화요일,부산광역시 동래구 온천동,중상사고,0,1,0,0,차대사람 - 기타,안전운전불이행,포장 - 건조,맑음,단일로 - 기타,승용,남,61세,상해없음,보행자,여,83세,중상
9251,2020111100100028,2020년 11월 11일 04시,수요일,부산광역시 사상구 덕포동,중상사고,0,1,0,0,차대사람 - 기타,안전운전불이행,포장 - 건조,맑음,교차로 - 교차로안,승용,여,51세,상해없음,보행자,여,61세,중상
9252,2020111100100061,2020년 11월 11일 07시,수요일,부산광역시 금정구 서동,중상사고,0,1,0,0,차대사람 - 기타,기타,포장 - 건조,맑음,교차로 - 교차로안,승용,남,70세,상해없음,보행자,여,30세,중상
9253,2020111100100087,2020년 11월 11일 08시,수요일,부산광역시 해운대구 우동,경상사고,0,0,1,0,차대사람 - 기타,불법유턴,포장 - 건조,맑음,기타 - 기타,자전거,남,42세,상해없음,보행자,남,24세,경상
9254,2020111100100220,2020년 11월 11일 11시,수요일,부산광역시 금정구 서동,중상사고,0,1,0,0,차대사람 - 길가장자리구역통행중,안전운전불이행,포장 - 건조,맑음,교차로 - 교차로안,승용,여,58세,상해없음,보행자,여,70세,중상
9255,2020111100100273,2020년 11월 11일 12시,수요일,부산광역시 사하구 당리동,경상사고,0,0,1,0,차대사람 - 횡단중,신호위반,포장 - 건조,맑음,단일로 - 기타,이륜,남,51세,상해없음,보행자,남,52세,경상
9256,2020111100100315,2020년 11월 11일 13시,수요일,부산광역시 수영구 광안동,경상사고,0,0,1,0,차대사람 - 기타,보행자보호의무위반,포장 - 건조,맑음,단일로 - 기타,승용,남,36세,상해없음,보행자,남,17세,경상
9257,2020111100100316,2020년 11월 11일 13시,수요일,부산광역시 동래구 명장동,경상사고,0,0,1,0,차대사람 - 기타,보행자보호의무위반,포장 - 건조,맑음,교차로 - 교차로안,승용,여,39세,상해없음,보행자,여,9세,경상